id,date,time,topic,co2,humidity,temp
264602816,2024-12-10,19:17:41,/klimakomora/memmertC110-01,"0,129","61,077","22,153"
264602776,2024-12-10,19:17:31,/klimakomora/memmertC110-01,"0,128","64,545","22,12"
264602637,2024-12-10,19:17:21,/klimakomora/memmertC110-01,"0,131","66,937","22,108"
264602550,2024-12-10,19:17:10,/klimakomora/memmertC110-01,"0,138","70,232","22,071"
264602457,2024-12-10,19:17:00,/klimakomora/memmertC110-01,"0,142","71,821","22,056"
264602296,2024-12-10,19:16:50,/klimakomora/memmertC110-01,"0,143","72,55","21,995"
264602270,2024-12-10,19:16:40,/klimakomora/memmertC110-01,"0,143","72,864","21,964"
264602115,2024-12-10,19:16:30,/klimakomora/memmertC110-01,"0,143","73,064","21,927"
264602095,2024-12-10,19:16:19,/klimakomora/memmertC110-01,"0,145","73,357","21,88"
264601945,2024-12-10,19:16:09,/klimakomora/memmertC110-01,"0,142","73,546","21,831"
264601886,2024-12-10,19:15:59,/klimakomora/memmertC110-01,"0,144","73,837","21,798"
264601727,2024-12-10,19:15:49,/klimakomora/memmertC110-01,"0,142","74,029","21,761"
264601700,2024-12-10,19:15:39,/klimakomora/memmertC110-01,"0,142","74,309","21,712"
264601553,2024-12-10,19:15:29,/klimakomora/memmertC110-01,"0,142","74,489","21,668"
264601525,2024-12-10,19:15:19,/klimakomora/memmertC110-01,"0,145","74,76","21,627"
264601448,2024-12-10,19:15:08,/klimakomora/memmertC110-01,"0,144","74,948","21,604"
264601356,2024-12-10,19:14:58,/klimakomora/memmertC110-01,"0,141","75,215","21,536"
264601195,2024-12-10,19:14:48,/klimakomora/memmertC110-01,"0,143","75,393","21,499"
264601112,2024-12-10,19:14:38,/klimakomora/memmertC110-01,"0,144","75,674","21,457"
264601026,2024-12-10,19:14:28,/klimakomora/memmertC110-01,"0,145","75,941","21,398"
264600887,2024-12-10,19:14:18,/klimakomora/memmertC110-01,"0,145","76,117","21,355"
264600801,2024-12-10,19:14:08,/klimakomora/memmertC110-01,"0,143","76,386","21,303"
264600679,2024-12-10,19:13:57,/klimakomora/memmertC110-01,"0,145","76,563","21,265"
264600521,2024-12-10,19:13:47,/klimakomora/memmertC110-01,"0,142","76,831","21,204"
264600480,2024-12-10,19:13:37,/klimakomora/memmertC110-01,"0,144","77,005","21,159"
264600314,2024-12-10,19:13:27,/klimakomora/memmertC110-01,"0,146","77,262","21,102"
264600285,2024-12-10,19:13:17,/klimakomora/memmertC110-01,"0,144","77,433","21,07"
264600251,2024-12-10,19:13:07,/klimakomora/memmertC110-01,"0,146","77,684","21,003"
264600146,2024-12-10,19:12:56,/klimakomora/memmertC110-01,"0,143","77,858","20,946"
264600050,2024-12-10,19:12:46,/klimakomora/memmertC110-01,"0,147","78,119","20,908"
264600019,2024-12-10,19:12:36,/klimakomora/memmertC110-01,"0,143","78,286","20,858"
264600002,2024-12-10,19:12:26,/klimakomora/memmertC110-01,"0,144","78,537","20,799"
264599931,2024-12-10,19:12:16,/klimakomora/memmertC110-01,"0,144","78,802","20,746"
264599853,2024-12-10,19:12:06,/klimakomora/memmertC110-01,"0,146","78,975","20,689"
264599680,2024-12-10,19:11:56,/klimakomora/memmertC110-01,"0,145","79,21","20,635"
264599639,2024-12-10,19:11:45,/klimakomora/memmertC110-01,"0,148","79,37","20,579"
264599493,2024-12-10,19:11:35,/klimakomora/memmertC110-01,"0,147","79,619","20,521"
264599344,2024-12-10,19:11:25,/klimakomora/memmertC110-01,"0,149","79,788","20,48"
264599314,2024-12-10,19:11:15,/klimakomora/memmertC110-01,"0,148","80,046","20,418"
264599284,2024-12-10,19:11:05,/klimakomora/memmertC110-01,"0,145","80,215","20,37"
264599185,2024-12-10,19:10:55,/klimakomora/memmertC110-01,"0,144","80,447","20,298"
264599095,2024-12-10,19:10:45,/klimakomora/memmertC110-01,"0,147","80,616","20,267"
264598947,2024-12-10,19:10:34,/klimakomora/memmertC110-01,"0,145","80,858","20,214"
264598862,2024-12-10,19:10:24,/klimakomora/memmertC110-01,"0,145","81,008","20,153"
264598770,2024-12-10,19:10:14,/klimakomora/memmertC110-01,"0,147","81,244","20,082"
264598622,2024-12-10,19:10:04,/klimakomora/memmertC110-01,"0,146","81,483","20,022"
264598580,2024-12-10,19:09:54,/klimakomora/memmertC110-01,"0,144","81,646","19,981"
264598420,2024-12-10,19:09:44,/klimakomora/memmertC110-01,"0,146","81,875","19,901"
264598283,2024-12-10,19:09:34,/klimakomora/memmertC110-01,"0,145","82,03","19,859"
264598263,2024-12-10,19:09:23,/klimakomora/memmertC110-01,"0,15","82,242","19,797"
264598125,2024-12-10,19:09:13,/klimakomora/memmertC110-01,"0,148","82,394","19,757"
264597972,2024-12-10,19:09:03,/klimakomora/memmertC110-01,"0,147","82,601","19,691"
264597930,2024-12-10,19:08:53,/klimakomora/memmertC110-01,"0,148","82,757","19,647"
264597769,2024-12-10,19:08:43,/klimakomora/memmertC110-01,"0,146","82,975","19,586"
264597739,2024-12-10,19:08:33,/klimakomora/memmertC110-01,"0,15","83,116","19,555"
264597594,2024-12-10,19:08:23,/klimakomora/memmertC110-01,"0,149","83,311","19,487"
264597570,2024-12-10,19:08:13,/klimakomora/memmertC110-01,"0,146","83,453","19,445"
264597536,2024-12-10,19:08:02,/klimakomora/memmertC110-01,"0,148","83,656","19,369"
264597364,2024-12-10,19:07:52,/klimakomora/memmertC110-01,"0,15","83,783","19,326"
264597333,2024-12-10,19:07:42,/klimakomora/memmertC110-01,"0,149","83,971","19,279"
264597182,2024-12-10,19:07:32,/klimakomora/memmertC110-01,"0,147","84,156","19,211"
264597164,2024-12-10,19:07:22,/klimakomora/memmertC110-01,"0,145","84,269","19,203"
264597029,2024-12-10,19:07:12,/klimakomora/memmertC110-01,"0,15","84,435","19,138"
264597013,2024-12-10,19:07:01,/klimakomora/memmertC110-01,"0,149","84,541","19,098"
264596850,2024-12-10,19:06:51,/klimakomora/memmertC110-01,"0,147","84,712","19,035"
264596700,2024-12-10,19:06:41,/klimakomora/memmertC110-01,"0,147","84,819","18,986"
264596656,2024-12-10,19:06:31,/klimakomora/memmertC110-01,"0,149","84,984","18,95"
264596505,2024-12-10,19:06:21,/klimakomora/memmertC110-01,"0,153","85,096","18,909"
264596416,2024-12-10,19:06:11,/klimakomora/memmertC110-01,"0,149","85,26","18,875"
264596327,2024-12-10,19:06:01,/klimakomora/memmertC110-01,"0,15","85,357","18,831"
264596164,2024-12-10,19:05:50,/klimakomora/memmertC110-01,"0,15","85,505","18,799"
264596058,2024-12-10,19:05:40,/klimakomora/memmertC110-01,"0,145","85,584","18,744"
264595972,2024-12-10,19:05:30,/klimakomora/memmertC110-01,"0,149","85,715","18,694"
264595807,2024-12-10,19:05:20,/klimakomora/memmertC110-01,"0,147","85,85","18,669"
264595771,2024-12-10,19:05:10,/klimakomora/memmertC110-01,"0,147","85,943","18,636"
264595743,2024-12-10,19:05:00,/klimakomora/memmertC110-01,"0,151","86,089","18,606"
264595710,2024-12-10,19:04:50,/klimakomora/memmertC110-01,"0,147","86,173","18,582"
264595670,2024-12-10,19:04:39,/klimakomora/memmertC110-01,"0,15","86,304","18,538"
264595653,2024-12-10,19:04:29,/klimakomora/memmertC110-01,"0,151","86,387","18,505"
264595510,2024-12-10,19:04:19,/klimakomora/memmertC110-01,"0,151","86,512","18,456"
264595488,2024-12-10,19:04:09,/klimakomora/memmertC110-01,"0,151","86,599","18,448"
264595338,2024-12-10,19:03:59,/klimakomora/memmertC110-01,"0,15","86,723","18,394"
264595290,2024-12-10,19:03:49,/klimakomora/memmertC110-01,"0,151","86,804","18,389"
264595135,2024-12-10,19:03:39,/klimakomora/memmertC110-01,"0,15","86,921","18,339"
264595096,2024-12-10,19:03:28,/klimakomora/memmertC110-01,"0,15","87,002","18,314"
264594942,2024-12-10,19:03:18,/klimakomora/memmertC110-01,"0,152","87,106","18,288"
264594851,2024-12-10,19:03:08,/klimakomora/memmertC110-01,"0,151","87,191","18,265"
264594751,2024-12-10,19:02:58,/klimakomora/memmertC110-01,"0,152","87,309","18,226"
264594580,2024-12-10,19:02:48,/klimakomora/memmertC110-01,"0,151","87,447","18,186"
264594538,2024-12-10,19:02:38,/klimakomora/memmertC110-01,"0,154","87,541","18,177"
264594389,2024-12-10,19:02:28,/klimakomora/memmertC110-01,"0,151","87,662","18,154"
264594369,2024-12-10,19:02:18,/klimakomora/memmertC110-01,"0,153","87,754","18,137"
264594220,2024-12-10,19:02:07,/klimakomora/memmertC110-01,"0,155","87,883","18,094"
264594190,2024-12-10,19:01:57,/klimakomora/memmertC110-01,"0,152","87,979","18,072"
264594021,2024-12-10,19:01:47,/klimakomora/memmertC110-01,"0,153","88,119","18,03"
264593992,2024-12-10,19:01:37,/klimakomora/memmertC110-01,"0,153","88,225","17,996"
264593840,2024-12-10,19:01:27,/klimakomora/memmertC110-01,"0,152","88,368","17,964"
264593830,2024-12-10,19:01:17,/klimakomora/memmertC110-01,"0,154","88,458","17,934"
264593687,2024-12-10,19:01:06,/klimakomora/memmertC110-01,"0,154","88,614","17,913"
264593537,2024-12-10,19:00:56,/klimakomora/memmertC110-01,"0,152","88,708","17,86"
264593495,2024-12-10,19:00:46,/klimakomora/memmertC110-01,"0,154","88,864","17,817"
264593416,2024-12-10,19:00:36,/klimakomora/memmertC110-01,"0,155","89,009","17,793"
264593330,2024-12-10,19:00:26,/klimakomora/memmertC110-01,"0,153","89,12","17,79"
264593182,2024-12-10,19:00:16,/klimakomora/memmertC110-01,"0,154","89,289","17,749"
264593172,2024-12-10,19:00:06,/klimakomora/memmertC110-01,"0,152","89,394","17,711"
264593146,2024-12-10,18:59:55,/klimakomora/memmertC110-01,"0,154","89,555","17,667"
264593092,2024-12-10,18:59:45,/klimakomora/memmertC110-01,"0,154","89,68","17,642"
264592951,2024-12-10,18:59:35,/klimakomora/memmertC110-01,"0,155","89,854","17,579"
264592800,2024-12-10,18:59:25,/klimakomora/memmertC110-01,"0,153","89,971","17,566"
264592654,2024-12-10,18:59:15,/klimakomora/memmertC110-01,"0,157","90,149","17,518"
264592623,2024-12-10,18:59:05,/klimakomora/memmertC110-01,"0,155","90,27","17,487"
264592479,2024-12-10,18:58:55,/klimakomora/memmertC110-01,"0,156","90,45","17,446"
264592416,2024-12-10,18:58:45,/klimakomora/memmertC110-01,"0,156","90,575","17,411"
264592264,2024-12-10,18:58:34,/klimakomora/memmertC110-01,"0,152","90,754","17,349"
264592174,2024-12-10,18:58:24,/klimakomora/memmertC110-01,"0,155","90,889","17,336"
264592095,2024-12-10,18:58:14,/klimakomora/memmertC110-01,"0,155","91,07","17,279"
264592016,2024-12-10,18:58:04,/klimakomora/memmertC110-01,"0,155","91,247","17,247"
264591928,2024-12-10,18:57:54,/klimakomora/memmertC110-01,"0,155","91,394","17,187"
264591878,2024-12-10,18:57:44,/klimakomora/memmertC110-01,"0,155","91,592","17,167"
264591857,2024-12-10,18:57:34,/klimakomora/memmertC110-01,"0,155","91,722","17,108"
264591702,2024-12-10,18:57:23,/klimakomora/memmertC110-01,"0,158","91,929","17,054"
264591685,2024-12-10,18:57:13,/klimakomora/memmertC110-01,"0,156","92,064","17,03"
264591550,2024-12-10,18:57:03,/klimakomora/memmertC110-01,"0,154","92,259","16,952"
264591527,2024-12-10,18:56:53,/klimakomora/memmertC110-01,"0,156","92,399","16,931"
264591349,2024-12-10,18:56:43,/klimakomora/memmertC110-01,"0,158","92,596","16,857"
264591314,2024-12-10,18:56:33,/klimakomora/memmertC110-01,"0,158","92,725","16,836"
264591159,2024-12-10,18:56:23,/klimakomora/memmertC110-01,"0,157","92,901","16,779"
264591129,2024-12-10,18:56:12,/klimakomora/memmertC110-01,"0,156","93,034","16,741"
264591108,2024-12-10,18:56:02,/klimakomora/memmertC110-01,"0,158","93,232","16,681"
264591085,2024-12-10,18:55:52,/klimakomora/memmertC110-01,"0,16","93,371","16,65"
264590913,2024-12-10,18:55:42,/klimakomora/memmertC110-01,"0,158","93,571","16,58"
264590767,2024-12-10,18:55:32,/klimakomora/memmertC110-01,"0,157","93,764","16,526"
264590744,2024-12-10,18:55:22,/klimakomora/memmertC110-01,"0,156","93,893","16,483"
264590601,2024-12-10,18:55:12,/klimakomora/memmertC110-01,"0,159","94,08","16,409"
264590572,2024-12-10,18:55:02,/klimakomora/memmertC110-01,"0,158","94,207","16,351"
264590422,2024-12-10,18:54:51,/klimakomora/memmertC110-01,"0,157","94,396","16,309"
264590330,2024-12-10,18:54:41,/klimakomora/memmertC110-01,"0,157","94,527","16,263"
264590243,2024-12-10,18:54:31,/klimakomora/memmertC110-01,"0,157","94,683","16,171"
264590106,2024-12-10,18:54:21,/klimakomora/memmertC110-01,"0,162","94,803","16,137"
264590090,2024-12-10,18:54:11,/klimakomora/memmertC110-01,"0,157","94,962","16,063"
264590054,2024-12-10,18:54:01,/klimakomora/memmertC110-01,"0,16","95,068","16,02"
264589910,2024-12-10,18:53:51,/klimakomora/memmertC110-01,"0,158","95,221","15,966"
264589737,2024-12-10,18:53:40,/klimakomora/memmertC110-01,"0,157","95,309","15,901"
264589699,2024-12-10,18:53:30,/klimakomora/memmertC110-01,"0,16","95,441","15,84"
264589679,2024-12-10,18:53:20,/klimakomora/memmertC110-01,"0,16","95,531","15,795"
264589543,2024-12-10,18:53:10,/klimakomora/memmertC110-01,"0,159","95,639","15,686"
264589513,2024-12-10,18:53:00,/klimakomora/memmertC110-01,"0,16","95,747","15,636"
264589352,2024-12-10,18:52:50,/klimakomora/memmertC110-01,"0,161","95,826","15,596"
264589180,2024-12-10,18:52:39,/klimakomora/memmertC110-01,"0,161","95,928","15,503"
264589162,2024-12-10,18:52:29,/klimakomora/memmertC110-01,"0,158","95,998","15,469"
264589017,2024-12-10,18:52:19,/klimakomora/memmertC110-01,"0,16","96,081","15,387"
264588872,2024-12-10,18:52:09,/klimakomora/memmertC110-01,"0,161","96,132","15,332"
264588845,2024-12-10,18:51:59,/klimakomora/memmertC110-01,"0,159","96,212","15,262"
264588687,2024-12-10,18:51:49,/klimakomora/memmertC110-01,"0,162","96,247","15,202"
264588519,2024-12-10,18:51:39,/klimakomora/memmertC110-01,"0,16","96,313","15,126"
264588486,2024-12-10,18:51:28,/klimakomora/memmertC110-01,"0,16","96,345","15,069"
264588339,2024-12-10,18:51:18,/klimakomora/memmertC110-01,"0,16","96,383","15,006"
264588190,2024-12-10,18:51:08,/klimakomora/memmertC110-01,"0,163","96,414","14,949"
264588164,2024-12-10,18:50:58,/klimakomora/memmertC110-01,"0,158","96,453","14,854"
264587986,2024-12-10,18:50:48,/klimakomora/memmertC110-01,"0,16","96,478","14,784"
264587829,2024-12-10,18:50:38,/klimakomora/memmertC110-01,"0,163","96,492","14,725"
264587797,2024-12-10,18:50:27,/klimakomora/memmertC110-01,"0,163","96,498","14,664"
264587624,2024-12-10,18:50:17,/klimakomora/memmertC110-01,"0,163","96,499","14,595"
264587579,2024-12-10,18:50:07,/klimakomora/memmertC110-01,"0,162","96,5","14,523"
264587428,2024-12-10,18:49:57,/klimakomora/memmertC110-01,"0,162","96,494","14,485"
264587398,2024-12-10,18:49:47,/klimakomora/memmertC110-01,"0,163","96,482","14,393"
264587291,2024-12-10,18:49:37,/klimakomora/memmertC110-01,"0,162","96,464","14,341"
264587183,2024-12-10,18:49:26,/klimakomora/memmertC110-01,"0,16","96,439","14,267"
264587034,2024-12-10,18:49:16,/klimakomora/memmertC110-01,"0,165","96,415","14,204"
264587019,2024-12-10,18:49:06,/klimakomora/memmertC110-01,"0,163","96,385","14,151"
264586864,2024-12-10,18:48:56,/klimakomora/memmertC110-01,"0,162","96,35","14,067"
264586770,2024-12-10,18:48:46,/klimakomora/memmertC110-01,"0,164","96,328","14,025"
264586674,2024-12-10,18:48:36,/klimakomora/memmertC110-01,"0,166","96,284","13,95"
264586580,2024-12-10,18:48:26,/klimakomora/memmertC110-01,"0,163","96,234","13,895"
264586494,2024-12-10,18:48:15,/klimakomora/memmertC110-01,"0,16","96,164","13,829"
264586469,2024-12-10,18:48:05,/klimakomora/memmertC110-01,"0,163","96,126","13,786"
264586304,2024-12-10,18:47:55,/klimakomora/memmertC110-01,"0,163","96,064","13,719"
264586280,2024-12-10,18:47:45,/klimakomora/memmertC110-01,"0,164","96,013","13,667"
264586115,2024-12-10,18:47:35,/klimakomora/memmertC110-01,"0,161","95,956","13,597"
264585963,2024-12-10,18:47:25,/klimakomora/memmertC110-01,"0,165","95,891","13,564"
264585939,2024-12-10,18:47:15,/klimakomora/memmertC110-01,"0,162","95,814","13,501"
264585802,2024-12-10,18:47:05,/klimakomora/memmertC110-01,"0,163","95,748","13,457"
264585773,2024-12-10,18:46:54,/klimakomora/memmertC110-01,"0,166","95,656","13,404"
264585622,2024-12-10,18:46:44,/klimakomora/memmertC110-01,"0,161","95,605","13,376"
264585588,2024-12-10,18:46:34,/klimakomora/memmertC110-01,"0,164","95,5","13,312"
264585554,2024-12-10,18:46:24,/klimakomora/memmertC110-01,"0,164","95,407","13,257"
264585413,2024-12-10,18:46:14,/klimakomora/memmertC110-01,"0,163","95,336","13,223"
264585389,2024-12-10,18:46:04,/klimakomora/memmertC110-01,"0,164","95,237","13,156"
264585230,2024-12-10,18:45:53,/klimakomora/memmertC110-01,"0,162","95,161","13,139"
264585197,2024-12-10,18:45:43,/klimakomora/memmertC110-01,"0,165","95,053","13,076"
264585044,2024-12-10,18:45:33,/klimakomora/memmertC110-01,"0,164","94,976","13,044"
264585013,2024-12-10,18:45:23,/klimakomora/memmertC110-01,"0,162","94,879","13,016"
264584982,2024-12-10,18:45:13,/klimakomora/memmertC110-01,"0,166","94,799","12,981"
264584827,2024-12-10,18:45:02,/klimakomora/memmertC110-01,"0,167","94,693","12,939"
264584796,2024-12-10,18:44:52,/klimakomora/memmertC110-01,"0,162","94,617","12,911"
264584685,2024-12-10,18:44:42,/klimakomora/memmertC110-01,"0,166","94,495","12,882"
264584591,2024-12-10,18:44:32,/klimakomora/memmertC110-01,"0,163","94,397","12,821"
264584554,2024-12-10,18:44:22,/klimakomora/memmertC110-01,"0,164","94,329","12,801"
264584509,2024-12-10,18:44:12,/klimakomora/memmertC110-01,"0,164","94,241","12,775"
264584365,2024-12-10,18:44:02,/klimakomora/memmertC110-01,"0,163","94,206","12,766"
264584207,2024-12-10,18:43:51,/klimakomora/memmertC110-01,"0,166","94,162","12,714"
264584164,2024-12-10,18:43:41,/klimakomora/memmertC110-01,"0,167","94,133","12,701"
264584008,2024-12-10,18:43:31,/klimakomora/memmertC110-01,"0,166","94,123","12,682"
264583992,2024-12-10,18:43:21,/klimakomora/memmertC110-01,"0,163","94,134","12,663"
264583918,2024-12-10,18:43:11,/klimakomora/memmertC110-01,"0,166","94,174","12,643"
264583816,2024-12-10,18:43:01,/klimakomora/memmertC110-01,"0,167","94,217","12,634"
264583668,2024-12-10,18:42:51,/klimakomora/memmertC110-01,"0,169","94,325","12,64"
264583613,2024-12-10,18:42:40,/klimakomora/memmertC110-01,"0,169","94,413","12,626"
264583576,2024-12-10,18:42:30,/klimakomora/memmertC110-01,"0,165","94,602","12,636"
264583545,2024-12-10,18:42:20,/klimakomora/memmertC110-01,"0,166","94,737","12,658"
264583516,2024-12-10,18:42:10,/klimakomora/memmertC110-01,"0,165","94,977","12,655"
264583369,2024-12-10,18:42:00,/klimakomora/memmertC110-01,"0,167","95,21","12,663"
264583225,2024-12-10,18:41:50,/klimakomora/memmertC110-01,"0,168","95,357","12,683"
264583179,2024-12-10,18:41:40,/klimakomora/memmertC110-01,"0,165","95,561","12,688"
264583023,2024-12-10,18:41:29,/klimakomora/memmertC110-01,"0,169","95,71","12,727"
264583003,2024-12-10,18:41:19,/klimakomora/memmertC110-01,"0,168","95,91","12,728"
264582979,2024-12-10,18:41:09,/klimakomora/memmertC110-01,"0,163","96,051","12,742"
264582828,2024-12-10,18:40:59,/klimakomora/memmertC110-01,"0,167","96,258","12,754"
264582789,2024-12-10,18:40:49,/klimakomora/memmertC110-01,"0,168","96,368","12,766"
264582745,2024-12-10,18:40:39,/klimakomora/memmertC110-01,"0,168","96,507","12,767"
264582588,2024-12-10,18:40:29,/klimakomora/memmertC110-01,"0,168","96,603","12,775"
264582556,2024-12-10,18:40:19,/klimakomora/memmertC110-01,"0,17","96,708","12,777"
264582418,2024-12-10,18:40:08,/klimakomora/memmertC110-01,"0,17","96,77","12,783"
264582401,2024-12-10,18:39:58,/klimakomora/memmertC110-01,"0,169","96,855","12,772"
264582240,2024-12-10,18:39:48,/klimakomora/memmertC110-01,"0,169","96,892","12,763"
264582189,2024-12-10,18:39:38,/klimakomora/memmertC110-01,"0,17","96,928","12,721"
264582027,2024-12-10,18:39:28,/klimakomora/memmertC110-01,"0,167","96,937","12,705"
264581995,2024-12-10,18:39:18,/klimakomora/memmertC110-01,"0,169","96,938","12,672"
264581853,2024-12-10,18:39:08,/klimakomora/memmertC110-01,"0,169","96,94","12,656"
264581707,2024-12-10,18:38:57,/klimakomora/memmertC110-01,"0,169","96,931","12,621"
264581671,2024-12-10,18:38:47,/klimakomora/memmertC110-01,"0,169","96,91","12,613"
264581505,2024-12-10,18:38:37,/klimakomora/memmertC110-01,"0,171","96,885","12,583"
264581481,2024-12-10,18:38:27,/klimakomora/memmertC110-01,"0,17","96,832","12,544"
264581467,2024-12-10,18:38:17,/klimakomora/memmertC110-01,"0,17","96,785","12,494"
264581442,2024-12-10,18:38:07,/klimakomora/memmertC110-01,"0,168","96,692","12,472"
264581344,2024-12-10,18:37:57,/klimakomora/memmertC110-01,"0,171","96,623","12,465"
264581263,2024-12-10,18:37:46,/klimakomora/memmertC110-01,"0,17","96,509","12,43"
264581094,2024-12-10,18:37:36,/klimakomora/memmertC110-01,"0,171","96,421","12,389"
264581054,2024-12-10,18:37:26,/klimakomora/memmertC110-01,"0,172","96,288","12,351"
264581027,2024-12-10,18:37:16,/klimakomora/memmertC110-01,"0,17","96,191","12,309"
264581010,2024-12-10,18:37:06,/klimakomora/memmertC110-01,"0,17","96,051","12,239"
264580973,2024-12-10,18:36:56,/klimakomora/memmertC110-01,"0,171","95,907","12,212"
264580832,2024-12-10,18:36:46,/klimakomora/memmertC110-01,"0,171","95,826","12,151"
264580780,2024-12-10,18:36:36,/klimakomora/memmertC110-01,"0,174","95,714","12,078"
264580617,2024-12-10,18:36:25,/klimakomora/memmertC110-01,"0,174","95,669","12,059"
264580520,2024-12-10,18:36:15,/klimakomora/memmertC110-01,"0,171","95,65","12,011"
264580443,2024-12-10,18:36:05,/klimakomora/memmertC110-01,"0,17","95,676","11,987"
264580351,2024-12-10,18:35:55,/klimakomora/memmertC110-01,"0,172","95,817","11,977"
264580260,2024-12-10,18:35:45,/klimakomora/memmertC110-01,"0,173","95,963","11,974"
264580070,2024-12-10,18:35:35,/klimakomora/memmertC110-01,"0,17","96,32","11,988"
264580038,2024-12-10,18:35:25,/klimakomora/memmertC110-01,"0,171","96,652","11,99"
264579893,2024-12-10,18:35:15,/klimakomora/memmertC110-01,"0,166","97,267","12,016"
264579868,2024-12-10,18:35:04,/klimakomora/memmertC110-01,"0,164","97,614","11,957"
264579822,2024-12-10,18:34:54,/klimakomora/memmertC110-01,"0,166","97,734","11,516"
264579664,2024-12-10,18:34:44,/klimakomora/memmertC110-01,"0,165","97,76","11,516"
264579611,2024-12-10,18:34:34,/klimakomora/memmertC110-01,"0,168","97,819","11,484"
264579457,2024-12-10,18:34:24,/klimakomora/memmertC110-01,"0,166","97,904","11,447"
264579432,2024-12-10,18:34:14,/klimakomora/memmertC110-01,"0,164","97,984","11,443"
264579294,2024-12-10,18:34:04,/klimakomora/memmertC110-01,"0,162","98,166","11,453"
264579215,2024-12-10,18:33:53,/klimakomora/memmertC110-01,"0,163","98,326","11,432"
264579130,2024-12-10,18:33:43,/klimakomora/memmertC110-01,"0,162","98,585","11,412"
264579062,2024-12-10,18:33:33,/klimakomora/memmertC110-01,"0,161","98,631","11,229"
264578907,2024-12-10,18:33:23,/klimakomora/memmertC110-01,"0,162","98,618","11,052"
264578882,2024-12-10,18:33:13,/klimakomora/memmertC110-01,"0,158","98,581","11,021"
264578834,2024-12-10,18:33:03,/klimakomora/memmertC110-01,"0,16","98,547","10,961"
264578650,2024-12-10,18:32:50,/klimakomora/memmertC110-01,"0,161","98,54","10,95"
264578485,2024-12-10,18:32:40,/klimakomora/memmertC110-01,"0,163","98,547","10,927"
264578371,2024-12-10,18:32:29,/klimakomora/memmertC110-01,"0,163","98,559","10,9"
264578281,2024-12-10,18:32:19,/klimakomora/memmertC110-01,"0,159","98,605","10,869"
264578257,2024-12-10,18:32:09,/klimakomora/memmertC110-01,"0,161","98,661","10,832"
264578106,2024-12-10,18:31:59,/klimakomora/memmertC110-01,"0,163","98,802","10,801"
264578009,2024-12-10,18:31:49,/klimakomora/memmertC110-01,"0,163","98,949","10,8"
264577904,2024-12-10,18:31:39,/klimakomora/memmertC110-01,"0,161","99,149","10,73"
264577879,2024-12-10,18:31:28,/klimakomora/memmertC110-01,"0,16","99,142","10,487"
264577742,2024-12-10,18:31:18,/klimakomora/memmertC110-01,"0,162","99,121","10,352"
264577720,2024-12-10,18:31:08,/klimakomora/memmertC110-01,"0,157","99,092","10,31"
264577692,2024-12-10,18:30:58,/klimakomora/memmertC110-01,"0,16","99,055","10,23"
264577678,2024-12-10,18:30:48,/klimakomora/memmertC110-01,"0,161","99,024","10,176"
264577525,2024-12-10,18:30:38,/klimakomora/memmertC110-01,"0,162","99,024","10,131"
264577488,2024-12-10,18:30:28,/klimakomora/memmertC110-01,"0,164","98,997","10,07"
264577339,2024-12-10,18:30:18,/klimakomora/memmertC110-01,"0,161","98,985","10,031"
264577309,2024-12-10,18:30:07,/klimakomora/memmertC110-01,"0,163","98,95","9,951"
264577136,2024-12-10,18:29:57,/klimakomora/memmertC110-01,"0,161","98,922","9,925"
264577047,2024-12-10,18:29:47,/klimakomora/memmertC110-01,"0,163","98,877","9,853"
264576925,2024-12-10,18:29:37,/klimakomora/memmertC110-01,"0,16","98,851","9,81"
264576759,2024-12-10,18:29:27,/klimakomora/memmertC110-01,"0,161","98,811","9,749"
264576734,2024-12-10,18:29:17,/klimakomora/memmertC110-01,"0,16","98,777","9,687"
264576564,2024-12-10,18:29:07,/klimakomora/memmertC110-01,"0,162","98,728","9,631"
264576408,2024-12-10,18:28:56,/klimakomora/memmertC110-01,"0,162","98,695","9,582"
264576377,2024-12-10,18:28:46,/klimakomora/memmertC110-01,"0,162","98,648","9,518"
264576213,2024-12-10,18:28:36,/klimakomora/memmertC110-01,"0,162","98,597","9,477"
264576178,2024-12-10,18:28:26,/klimakomora/memmertC110-01,"0,162","98,516","9,42"
264576144,2024-12-10,18:28:16,/klimakomora/memmertC110-01,"0,161","98,466","9,361"
264576002,2024-12-10,18:28:06,/klimakomora/memmertC110-01,"0,162","98,42","9,324"
264575967,2024-12-10,18:27:56,/klimakomora/memmertC110-01,"0,164","98,346","9,245"
264575884,2024-12-10,18:27:45,/klimakomora/memmertC110-01,"0,163","98,301","9,219"
264575777,2024-12-10,18:27:35,/klimakomora/memmertC110-01,"0,162","98,228","9,162"
264575610,2024-12-10,18:27:25,/klimakomora/memmertC110-01,"0,163","98,162","9,1"
264575595,2024-12-10,18:27:15,/klimakomora/memmertC110-01,"0,165","98,081","9,052"
264575432,2024-12-10,18:27:05,/klimakomora/memmertC110-01,"0,162","98,033","9,044"
264575290,2024-12-10,18:26:55,/klimakomora/memmertC110-01,"0,166","97,938","8,949"
264575253,2024-12-10,18:26:45,/klimakomora/memmertC110-01,"0,161","97,882","8,938"
264575095,2024-12-10,18:26:35,/klimakomora/memmertC110-01,"0,164","97,765","8,868"
264575054,2024-12-10,18:26:24,/klimakomora/memmertC110-01,"0,162","97,708","8,845"
264574902,2024-12-10,18:26:14,/klimakomora/memmertC110-01,"0,162","97,616","8,802"
264574818,2024-12-10,18:26:04,/klimakomora/memmertC110-01,"0,165","97,564","8,765"
264574737,2024-12-10,18:25:54,/klimakomora/memmertC110-01,"0,166","97,452","8,72"
264574723,2024-12-10,18:25:44,/klimakomora/memmertC110-01,"0,164","97,341","8,662"
264574544,2024-12-10,18:25:34,/klimakomora/memmertC110-01,"0,163","97,283","8,629"
264574454,2024-12-10,18:25:24,/klimakomora/memmertC110-01,"0,164","97,188","8,582"
264574366,2024-12-10,18:25:13,/klimakomora/memmertC110-01,"0,164","97,115","8,553"
264574203,2024-12-10,18:25:03,/klimakomora/memmertC110-01,"0,163","97,028","8,518"
264574159,2024-12-10,18:24:53,/klimakomora/memmertC110-01,"0,168","96,955","8,486"
264574140,2024-12-10,18:24:43,/klimakomora/memmertC110-01,"0,166","96,852","8,447"
264573961,2024-12-10,18:24:33,/klimakomora/memmertC110-01,"0,166","96,777","8,42"
264573927,2024-12-10,18:24:23,/klimakomora/memmertC110-01,"0,166","96,661","8,374"
264573904,2024-12-10,18:24:13,/klimakomora/memmertC110-01,"0,164","96,6","8,356"
264573855,2024-12-10,18:24:02,/klimakomora/memmertC110-01,"0,162","96,491","8,307"
264573707,2024-12-10,18:23:52,/klimakomora/memmertC110-01,"0,167","96,429","8,293"
264573681,2024-12-10,18:23:42,/klimakomora/memmertC110-01,"0,165","96,343","8,268"
264573510,2024-12-10,18:23:32,/klimakomora/memmertC110-01,"0,162","96,302","8,225"
264573453,2024-12-10,18:23:22,/klimakomora/memmertC110-01,"0,167","96,251","8,204"
264573306,2024-12-10,18:23:12,/klimakomora/memmertC110-01,"0,166","96,197","8,168"
264573278,2024-12-10,18:23:02,/klimakomora/memmertC110-01,"0,165","96,174","8,164"
264573235,2024-12-10,18:22:51,/klimakomora/memmertC110-01,"0,164","96,149","8,128"
264573077,2024-12-10,18:22:41,/klimakomora/memmertC110-01,"0,166","96,152","8,111"
264572966,2024-12-10,18:22:31,/klimakomora/memmertC110-01,"0,166","96,183","8,094"
264572861,2024-12-10,18:22:21,/klimakomora/memmertC110-01,"0,164","96,208","8,073"
264572704,2024-12-10,18:22:11,/klimakomora/memmertC110-01,"0,166","96,296","8,034"
264572625,2024-12-10,18:22:01,/klimakomora/memmertC110-01,"0,165","96,382","8,028"
264572525,2024-12-10,18:21:50,/klimakomora/memmertC110-01,"0,168","96,53","8,009"
264572427,2024-12-10,18:21:40,/klimakomora/memmertC110-01,"0,166","96,651","8,008"
264572309,2024-12-10,18:21:30,/klimakomora/memmertC110-01,"0,165","96,87","7,997"
264572161,2024-12-10,18:21:20,/klimakomora/memmertC110-01,"0,167","97,025","7,986"
264572134,2024-12-10,18:21:10,/klimakomora/memmertC110-01,"0,168","97,269","7,969"
264572041,2024-12-10,18:21:00,/klimakomora/memmertC110-01,"0,167","97,529","7,98"
264571950,2024-12-10,18:20:50,/klimakomora/memmertC110-01,"0,169","97,687","7,975"
264571913,2024-12-10,18:20:39,/klimakomora/memmertC110-01,"0,166","97,943","7,99"
264571743,2024-12-10,18:20:29,/klimakomora/memmertC110-01,"0,167","98,094","7,985"
264571712,2024-12-10,18:20:19,/klimakomora/memmertC110-01,"0,167","98,3","8,004"
264571562,2024-12-10,18:20:09,/klimakomora/memmertC110-01,"0,167","98,428","8,011"
264571518,2024-12-10,18:19:59,/klimakomora/memmertC110-01,"0,168","98,592","8,007"
264571378,2024-12-10,18:19:49,/klimakomora/memmertC110-01,"0,169","98,678","8,016"
264571363,2024-12-10,18:19:39,/klimakomora/memmertC110-01,"0,168","98,802","8,027"
264571185,2024-12-10,18:19:28,/klimakomora/memmertC110-01,"0,164","98,876","8,027"
264571150,2024-12-10,18:19:18,/klimakomora/memmertC110-01,"0,165","98,967","8,035"
264570996,2024-12-10,18:19:08,/klimakomora/memmertC110-01,"0,166","99,022","8,057"
264570851,2024-12-10,18:18:58,/klimakomora/memmertC110-01,"0,167","99,085","8,047"
264570706,2024-12-10,18:18:48,/klimakomora/memmertC110-01,"0,167","99,148","8,06"
264570686,2024-12-10,18:18:38,/klimakomora/memmertC110-01,"0,168","99,173","8,047"
264570508,2024-12-10,18:18:28,/klimakomora/memmertC110-01,"0,166","99,219","8,038"
264570486,2024-12-10,18:18:17,/klimakomora/memmertC110-01,"0,168","99,242","8,054"
264570449,2024-12-10,18:18:07,/klimakomora/memmertC110-01,"0,168","99,286","8,041"
264570306,2024-12-10,18:17:57,/klimakomora/memmertC110-01,"0,165","99,306","8,034"
264570274,2024-12-10,18:17:47,/klimakomora/memmertC110-01,"0,169","99,345","8,049"
264570110,2024-12-10,18:17:37,/klimakomora/memmertC110-01,"0,169","99,357","8,015"
264569928,2024-12-10,18:17:27,/klimakomora/memmertC110-01,"0,169","99,394","8,005"
264569898,2024-12-10,18:17:17,/klimakomora/memmertC110-01,"0,166","99,414","8,013"
264569869,2024-12-10,18:17:06,/klimakomora/memmertC110-01,"0,169","99,438","8,004"
264569777,2024-12-10,18:16:56,/klimakomora/memmertC110-01,"0,173","99,441","7,999"
264569680,2024-12-10,18:16:46,/klimakomora/memmertC110-01,"0,171","99,452","8,001"
264569650,2024-12-10,18:16:36,/klimakomora/memmertC110-01,"0,169","99,459","7,984"
264569453,2024-12-10,18:16:25,/klimakomora/memmertC110-01,"0,173","99,457","7,965"
264569337,2024-12-10,18:16:15,/klimakomora/memmertC110-01,"0,17","99,452","7,969"
264569243,2024-12-10,18:16:05,/klimakomora/memmertC110-01,"0,171","99,442","7,951"
264569071,2024-12-10,18:15:55,/klimakomora/memmertC110-01,"0,172","99,436","7,947"
264568921,2024-12-10,18:15:45,/klimakomora/memmertC110-01,"0,171","99,426","7,921"
264568889,2024-12-10,18:15:35,/klimakomora/memmertC110-01,"0,17","99,414","7,914"
264568719,2024-12-10,18:15:25,/klimakomora/memmertC110-01,"0,17","99,39","7,875"
264568693,2024-12-10,18:15:14,/klimakomora/memmertC110-01,"0,171","99,387","7,864"
264568537,2024-12-10,18:15:04,/klimakomora/memmertC110-01,"0,172","99,374","7,846"
264568517,2024-12-10,18:14:54,/klimakomora/memmertC110-01,"0,171","99,349","7,811"
264568435,2024-12-10,18:14:44,/klimakomora/memmertC110-01,"0,17","99,34","7,795"
264568342,2024-12-10,18:14:34,/klimakomora/memmertC110-01,"0,173","99,327","7,787"
264568173,2024-12-10,18:14:24,/klimakomora/memmertC110-01,"0,174","99,315","7,716"
264568123,2024-12-10,18:14:14,/klimakomora/memmertC110-01,"0,175","99,302","7,676"
264568091,2024-12-10,18:14:04,/klimakomora/memmertC110-01,"0,174","99,249","7,623"
264567933,2024-12-10,18:13:53,/klimakomora/memmertC110-01,"0,173","99,236","7,585"
264567892,2024-12-10,18:13:43,/klimakomora/memmertC110-01,"0,173","99,188","7,52"
264567861,2024-12-10,18:13:33,/klimakomora/memmertC110-01,"0,174","99,142","7,479"
264567755,2024-12-10,18:13:23,/klimakomora/memmertC110-01,"0,171","99,082","7,402"
264567655,2024-12-10,18:13:13,/klimakomora/memmertC110-01,"0,174","99,049","7,349"
264567624,2024-12-10,18:13:03,/klimakomora/memmertC110-01,"0,176","98,984","7,28"
264567474,2024-12-10,18:12:52,/klimakomora/memmertC110-01,"0,173","98,939","7,224"
264567433,2024-12-10,18:12:42,/klimakomora/memmertC110-01,"0,176","98,852","7,14"
264567282,2024-12-10,18:12:32,/klimakomora/memmertC110-01,"0,177","98,83","7,073"
264567219,2024-12-10,18:12:22,/klimakomora/memmertC110-01,"0,177","98,771","6,99"
264567160,2024-12-10,18:12:12,/klimakomora/memmertC110-01,"0,176","98,718","6,887"
264567003,2024-12-10,18:12:02,/klimakomora/memmertC110-01,"0,173","98,665","6,822"
264566961,2024-12-10,18:11:52,/klimakomora/memmertC110-01,"0,176","98,561","6,711"
264566933,2024-12-10,18:11:41,/klimakomora/memmertC110-01,"0,177","98,483","6,643"
264566774,2024-12-10,18:11:31,/klimakomora/memmertC110-01,"0,174","98,372","6,56"
264566656,2024-12-10,18:11:21,/klimakomora/memmertC110-01,"0,176","98,301","6,508"
264566562,2024-12-10,18:11:11,/klimakomora/memmertC110-01,"0,176","98,174","6,398"
264566411,2024-12-10,18:11:01,/klimakomora/memmertC110-01,"0,176","98,083","6,33"
264566365,2024-12-10,18:10:51,/klimakomora/memmertC110-01,"0,179","97,925","6,239"
264566210,2024-12-10,18:10:40,/klimakomora/memmertC110-01,"0,176","97,817","6,173"
264566181,2024-12-10,18:10:30,/klimakomora/memmertC110-01,"0,176","97,638","6,095"
264566116,2024-12-10,18:10:20,/klimakomora/memmertC110-01,"0,175","97,51","6,035"
264565962,2024-12-10,18:10:10,/klimakomora/memmertC110-01,"0,18","97,281","5,935"
264565915,2024-12-10,18:10:00,/klimakomora/memmertC110-01,"0,177","97,114","5,873"
264565888,2024-12-10,18:09:50,/klimakomora/memmertC110-01,"0,177","96,836","5,788"
264565860,2024-12-10,18:09:40,/klimakomora/memmertC110-01,"0,177","96,544","5,708"
264565671,2024-12-10,18:09:29,/klimakomora/memmertC110-01,"0,174","96,34","5,635"
264565637,2024-12-10,18:09:19,/klimakomora/memmertC110-01,"0,174","96,02","5,549"
264565496,2024-12-10,18:09:09,/klimakomora/memmertC110-01,"0,179","95,777","5,485"
264565324,2024-12-10,18:08:59,/klimakomora/memmertC110-01,"0,178","95,422","5,397"
264565285,2024-12-10,18:08:49,/klimakomora/memmertC110-01,"0,178","95,153","5,324"
264565147,2024-12-10,18:08:39,/klimakomora/memmertC110-01,"0,178","94,762","5,236"
264564973,2024-12-10,18:08:29,/klimakomora/memmertC110-01,"0,176","94,483","5,168"
264564927,2024-12-10,18:08:18,/klimakomora/memmertC110-01,"0,177","94,086","5,052"
264564787,2024-12-10,18:08:08,/klimakomora/memmertC110-01,"0,18","93,823","4,997"
264564632,2024-12-10,18:07:58,/klimakomora/memmertC110-01,"0,177","93,477","4,907"
264564590,2024-12-10,18:07:48,/klimakomora/memmertC110-01,"0,179","93,268","4,846"
264564556,2024-12-10,18:07:38,/klimakomora/memmertC110-01,"0,181","93,006","4,725"
264564406,2024-12-10,18:07:28,/klimakomora/memmertC110-01,"0,18","92,84","4,672"
264564372,2024-12-10,18:07:18,/klimakomora/memmertC110-01,"0,178","92,798","4,622"
264564217,2024-12-10,18:07:07,/klimakomora/memmertC110-01,"0,181","92,848","4,55"
264564053,2024-12-10,18:06:57,/klimakomora/memmertC110-01,"0,176","92,954","4,528"
264564028,2024-12-10,18:06:47,/klimakomora/memmertC110-01,"0,178","93,219","4,47"
264563873,2024-12-10,18:06:37,/klimakomora/memmertC110-01,"0,179","93,427","4,458"
264563700,2024-12-10,18:06:27,/klimakomora/memmertC110-01,"0,182","93,81","4,466"
264563558,2024-12-10,18:06:17,/klimakomora/memmertC110-01,"0,181","94,072","4,481"
264563522,2024-12-10,18:06:07,/klimakomora/memmertC110-01,"0,18","94,493","4,489"
264563489,2024-12-10,18:05:56,/klimakomora/memmertC110-01,"0,179","94,743","4,497"
264563441,2024-12-10,18:05:46,/klimakomora/memmertC110-01,"0,18","95,124","4,496"
264563416,2024-12-10,18:05:36,/klimakomora/memmertC110-01,"0,178","95,378","4,512"
264563268,2024-12-10,18:05:26,/klimakomora/memmertC110-01,"0,183","95,767","4,504"
264563241,2024-12-10,18:05:16,/klimakomora/memmertC110-01,"0,179","96,142","4,511"
264563078,2024-12-10,18:05:06,/klimakomora/memmertC110-01,"0,18","96,398","4,53"
264563049,2024-12-10,18:04:56,/klimakomora/memmertC110-01,"0,181","96,764","4,517"
264562905,2024-12-10,18:04:45,/klimakomora/memmertC110-01,"0,179","96,995","4,528"
264562752,2024-12-10,18:04:35,/klimakomora/memmertC110-01,"0,178","97,338","4,546"
264562676,2024-12-10,18:04:25,/klimakomora/memmertC110-01,"0,178","97,559","4,541"
264562653,2024-12-10,18:04:15,/klimakomora/memmertC110-01,"0,182","97,839","4,549"
264562496,2024-12-10,18:04:05,/klimakomora/memmertC110-01,"0,18","98,003","4,56"
264562319,2024-12-10,18:03:55,/klimakomora/memmertC110-01,"0,176","98,197","4,564"
264562267,2024-12-10,18:03:45,/klimakomora/memmertC110-01,"0,182","98,315","4,572"
264562112,2024-12-10,18:03:34,/klimakomora/memmertC110-01,"0,182","98,46","4,594"
264562072,2024-12-10,18:03:24,/klimakomora/memmertC110-01,"0,179","98,542","4,576"
264561937,2024-12-10,18:03:14,/klimakomora/memmertC110-01,"0,184","98,655","4,579"
264561778,2024-12-10,18:03:04,/klimakomora/memmertC110-01,"0,182","98,713","4,577"
264561682,2024-12-10,18:02:54,/klimakomora/memmertC110-01,"0,184","98,799","4,58"
264561589,2024-12-10,18:02:44,/klimakomora/memmertC110-01,"0,18","98,851","4,554"
264561420,2024-12-10,18:02:34,/klimakomora/memmertC110-01,"0,183","98,876","4,576"
264561383,2024-12-10,18:02:23,/klimakomora/memmertC110-01,"0,184","98,901","4,556"
264561218,2024-12-10,18:02:13,/klimakomora/memmertC110-01,"0,183","98,917","4,557"
264561181,2024-12-10,18:02:03,/klimakomora/memmertC110-01,"0,186","98,897","4,546"
264561009,2024-12-10,18:01:53,/klimakomora/memmertC110-01,"0,183","98,885","4,513"
264560967,2024-12-10,18:01:43,/klimakomora/memmertC110-01,"0,181","98,864","4,517"
264560819,2024-12-10,18:01:33,/klimakomora/memmertC110-01,"0,18","98,852","4,493"
264560674,2024-12-10,18:01:22,/klimakomora/memmertC110-01,"0,184","98,831","4,475"
264560656,2024-12-10,18:01:12,/klimakomora/memmertC110-01,"0,183","98,81","4,455"
264560497,2024-12-10,18:01:02,/klimakomora/memmertC110-01,"0,184","98,759","4,425"
264560404,2024-12-10,18:00:52,/klimakomora/memmertC110-01,"0,182","98,741","4,414"
264560311,2024-12-10,18:00:42,/klimakomora/memmertC110-01,"0,182","98,668","4,379"
264560156,2024-12-10,18:00:32,/klimakomora/memmertC110-01,"0,183","98,586","4,344"
264560062,2024-12-10,18:00:22,/klimakomora/memmertC110-01,"0,187","98,52","4,317"
264559949,2024-12-10,18:00:11,/klimakomora/memmertC110-01,"0,182","98,438","4,284"
264559785,2024-12-10,18:00:01,/klimakomora/memmertC110-01,"0,185","98,36","4,261"
264559694,2024-12-10,17:59:51,/klimakomora/memmertC110-01,"0,183","98,252","4,224"
264559608,2024-12-10,17:59:41,/klimakomora/memmertC110-01,"0,183","98,165","4,19"
264559582,2024-12-10,17:59:31,/klimakomora/memmertC110-01,"0,183","98,013","4,144"
264559491,2024-12-10,17:59:21,/klimakomora/memmertC110-01,"0,185","97,904","4,116"
264559391,2024-12-10,17:59:10,/klimakomora/memmertC110-01,"0,183","97,739","4,067"
264559236,2024-12-10,17:59:00,/klimakomora/memmertC110-01,"0,185","97,603","4,028"
264559201,2024-12-10,17:58:50,/klimakomora/memmertC110-01,"0,184","97,391","3,977"
264559028,2024-12-10,17:58:40,/klimakomora/memmertC110-01,"0,187","97,256","3,941"
264558855,2024-12-10,17:58:30,/klimakomora/memmertC110-01,"0,186","97,004","3,848"
264558803,2024-12-10,17:58:20,/klimakomora/memmertC110-01,"0,183","96,712","3,753"
264558658,2024-12-10,17:58:10,/klimakomora/memmertC110-01,"0,184","96,506","3,702"
264558615,2024-12-10,17:58:00,/klimakomora/memmertC110-01,"0,185","96,204","3,615"
264558579,2024-12-10,17:57:49,/klimakomora/memmertC110-01,"0,188","95,992","3,561"
264558427,2024-12-10,17:57:39,/klimakomora/memmertC110-01,"0,185","95,633","3,458"
264558414,2024-12-10,17:57:29,/klimakomora/memmertC110-01,"0,184","95,374","3,398"
264558256,2024-12-10,17:57:19,/klimakomora/memmertC110-01,"0,186","94,948","3,289"
264558237,2024-12-10,17:57:09,/klimakomora/memmertC110-01,"0,186","94,642","3,216"
264558076,2024-12-10,17:56:59,/klimakomora/memmertC110-01,"0,183","94,12","3,105"
264558034,2024-12-10,17:56:49,/klimakomora/memmertC110-01,"0,186","93,739","3,018"
264557880,2024-12-10,17:56:39,/klimakomora/memmertC110-01,"0,185","93,132","2,922"
264557771,2024-12-10,17:56:28,/klimakomora/memmertC110-01,"0,183","92,708","2,842"
264557671,2024-12-10,17:56:18,/klimakomora/memmertC110-01,"0,183","92,016","2,725"
264557627,2024-12-10,17:56:08,/klimakomora/memmertC110-01,"0,186","91,521","2,649"
264557581,2024-12-10,17:55:58,/klimakomora/memmertC110-01,"0,186","90,737","2,551"
264557490,2024-12-10,17:55:48,/klimakomora/memmertC110-01,"0,188","89,928","2,449"
264557404,2024-12-10,17:55:38,/klimakomora/memmertC110-01,"0,184","89,374","2,384"
264557382,2024-12-10,17:55:27,/klimakomora/memmertC110-01,"0,187","88,502","2,273"
264557229,2024-12-10,17:55:17,/klimakomora/memmertC110-01,"0,182","87,912","2,226"
264557207,2024-12-10,17:55:07,/klimakomora/memmertC110-01,"0,185","87,029","2,124"
264557119,2024-12-10,17:54:57,/klimakomora/memmertC110-01,"0,186","86,465","2,064"
264557018,2024-12-10,17:54:47,/klimakomora/memmertC110-01,"0,183","85,651","1,95"
264556938,2024-12-10,17:54:36,/klimakomora/memmertC110-01,"0,183","85,147","1,888"
264556834,2024-12-10,17:54:26,/klimakomora/memmertC110-01,"0,187","84,442","1,784"
264556781,2024-12-10,17:54:16,/klimakomora/memmertC110-01,"0,185","84,017","1,733"
264556618,2024-12-10,17:54:06,/klimakomora/memmertC110-01,"0,183","83,465","1,668"
264556587,2024-12-10,17:53:56,/klimakomora/memmertC110-01,"0,189",83,"1,581"
264556552,2024-12-10,17:53:46,/klimakomora/memmertC110-01,"0,186","82,759","1,548"
264556530,2024-12-10,17:53:34,/klimakomora/memmertC110-01,"0,182","82,487","1,495"
264556375,2024-12-10,17:53:24,/klimakomora/memmertC110-01,"0,186","82,333","1,478"
264556272,2024-12-10,17:53:14,/klimakomora/memmertC110-01,"0,183","82,163","1,453"
264556172,2024-12-10,17:53:04,/klimakomora/memmertC110-01,"0,186","82,072","1,405"
264556117,2024-12-10,17:52:54,/klimakomora/memmertC110-01,"0,189","81,968","1,417"
264555956,2024-12-10,17:52:44,/klimakomora/memmertC110-01,"0,187","81,873","1,402"
264555923,2024-12-10,17:52:34,/klimakomora/memmertC110-01,"0,187","81,846","1,421"
264555876,2024-12-10,17:52:23,/klimakomora/memmertC110-01,"0,185","81,788","1,394"
264555719,2024-12-10,17:52:13,/klimakomora/memmertC110-01,"0,186","81,767","1,419"
264555671,2024-12-10,17:52:03,/klimakomora/memmertC110-01,"0,185","81,757","1,413"
264555502,2024-12-10,17:51:53,/klimakomora/memmertC110-01,"0,186","81,764","1,416"
264555456,2024-12-10,17:51:43,/klimakomora/memmertC110-01,"0,185","81,78","1,42"
264555414,2024-12-10,17:51:33,/klimakomora/memmertC110-01,"0,186","81,804","1,439"
264555306,2024-12-10,17:51:23,/klimakomora/memmertC110-01,"0,188","81,843","1,439"
264555216,2024-12-10,17:51:13,/klimakomora/memmertC110-01,"0,184","81,87","1,462"
264555047,2024-12-10,17:51:02,/klimakomora/memmertC110-01,"0,184","81,92","1,444"
264554921,2024-12-10,17:50:52,/klimakomora/memmertC110-01,"0,188","81,95","1,454"
264554827,2024-12-10,17:50:42,/klimakomora/memmertC110-01,"0,188","82,008","1,458"
264554671,2024-12-10,17:50:32,/klimakomora/memmertC110-01,"0,186","82,083","1,493"
264554629,2024-12-10,17:50:22,/klimakomora/memmertC110-01,"0,191","82,135","1,496"
264554477,2024-12-10,17:50:11,/klimakomora/memmertC110-01,"0,187","82,203","1,497"
264554438,2024-12-10,17:50:01,/klimakomora/memmertC110-01,"0,186","82,249","1,516"
264554257,2024-12-10,17:49:51,/klimakomora/memmertC110-01,"0,187","82,304","1,533"
264554217,2024-12-10,17:49:41,/klimakomora/memmertC110-01,"0,186","82,354","1,557"
264554005,2024-12-10,17:49:31,/klimakomora/memmertC110-01,"0,187","82,427","1,561"
264553912,2024-12-10,17:49:20,/klimakomora/memmertC110-01,"0,184","82,477","1,558"
264553813,2024-12-10,17:49:10,/klimakomora/memmertC110-01,"0,186","82,567","1,586"
264553643,2024-12-10,17:49:00,/klimakomora/memmertC110-01,"0,186","82,634","1,587"
264553606,2024-12-10,17:48:50,/klimakomora/memmertC110-01,"0,184","82,747","1,603"
264553417,2024-12-10,17:48:40,/klimakomora/memmertC110-01,"0,184","82,837","1,613"
264553370,2024-12-10,17:48:30,/klimakomora/memmertC110-01,"0,187","82,998","1,614"
264553205,2024-12-10,17:48:20,/klimakomora/memmertC110-01,"0,188","83,167","1,613"
264553177,2024-12-10,17:48:09,/klimakomora/memmertC110-01,"0,183","83,298","1,623"
264552998,2024-12-10,17:47:59,/klimakomora/memmertC110-01,"0,187","83,502","1,648"
264552895,2024-12-10,17:47:49,/klimakomora/memmertC110-01,"0,185","83,638","1,652"
264552806,2024-12-10,17:47:39,/klimakomora/memmertC110-01,"0,183","83,86","1,671"
264552771,2024-12-10,17:47:29,/klimakomora/memmertC110-01,"0,181","84,02","1,683"
264552605,2024-12-10,17:47:19,/klimakomora/memmertC110-01,"0,185","84,249","1,702"
264552504,2024-12-10,17:47:09,/klimakomora/memmertC110-01,"0,184","84,396","1,708"
264552405,2024-12-10,17:46:59,/klimakomora/memmertC110-01,"0,183","84,616","1,721"
264552300,2024-12-10,17:46:48,/klimakomora/memmertC110-01,"0,187","84,772","1,731"
264552195,2024-12-10,17:46:38,/klimakomora/memmertC110-01,"0,181","85,003","1,748"
264552152,2024-12-10,17:46:28,/klimakomora/memmertC110-01,"0,186","85,167","1,743"
264552119,2024-12-10,17:46:18,/klimakomora/memmertC110-01,"0,185","85,444","1,774"
264552024,2024-12-10,17:46:08,/klimakomora/memmertC110-01,"0,187","85,644","1,767"
264551925,2024-12-10,17:45:58,/klimakomora/memmertC110-01,"0,185","85,936","1,79"
264551897,2024-12-10,17:45:48,/klimakomora/memmertC110-01,"0,184","86,254","1,797"
264551736,2024-12-10,17:45:37,/klimakomora/memmertC110-01,"0,186","86,473","1,796"
264551700,2024-12-10,17:45:27,/klimakomora/memmertC110-01,"0,184","86,826","1,812"
264551538,2024-12-10,17:45:17,/klimakomora/memmertC110-01,"0,185","87,053","1,809"
264551508,2024-12-10,17:45:07,/klimakomora/memmertC110-01,"0,184","87,402","1,831"
264551475,2024-12-10,17:44:57,/klimakomora/memmertC110-01,"0,187","87,63","1,847"
264551441,2024-12-10,17:44:47,/klimakomora/memmertC110-01,"0,185","87,967","1,84"
264551418,2024-12-10,17:44:37,/klimakomora/memmertC110-01,"0,185","88,204","1,855"
264551271,2024-12-10,17:44:27,/klimakomora/memmertC110-01,"0,184","88,534","1,874"
264551184,2024-12-10,17:44:16,/klimakomora/memmertC110-01,"0,184","88,734","1,883"
264551079,2024-12-10,17:44:06,/klimakomora/memmertC110-01,"0,184","89,017","1,891"
264550934,2024-12-10,17:43:56,/klimakomora/memmertC110-01,"0,189","89,198","1,895"
264550897,2024-12-10,17:43:46,/klimakomora/memmertC110-01,"0,188","89,435","1,902"
264550744,2024-12-10,17:43:36,/klimakomora/memmertC110-01,"0,185","89,632","1,91"
264550585,2024-12-10,17:43:25,/klimakomora/memmertC110-01,"0,187","89,738","1,908"
264550542,2024-12-10,17:43:15,/klimakomora/memmertC110-01,"0,186","89,834","1,911"
264550386,2024-12-10,17:43:05,/klimakomora/memmertC110-01,"0,187","89,865","1,903"
264550212,2024-12-10,17:42:55,/klimakomora/memmertC110-01,"0,189","89,844","1,897"
264550170,2024-12-10,17:42:45,/klimakomora/memmertC110-01,"0,189","89,776","1,903"
264550020,2024-12-10,17:42:35,/klimakomora/memmertC110-01,"0,185","89,587","1,9"
264549976,2024-12-10,17:42:25,/klimakomora/memmertC110-01,"0,184","89,41","1,907"
264549885,2024-12-10,17:42:15,/klimakomora/memmertC110-01,"0,187","89,011","1,889"
264549782,2024-12-10,17:42:04,/klimakomora/memmertC110-01,"0,187","88,669","1,893"
264549755,2024-12-10,17:41:54,/klimakomora/memmertC110-01,"0,186","88,033","1,874"
264549707,2024-12-10,17:41:44,/klimakomora/memmertC110-01,"0,186","87,526","1,858"
264549550,2024-12-10,17:41:34,/klimakomora/memmertC110-01,"0,184","86,638","1,84"
264549529,2024-12-10,17:41:24,/klimakomora/memmertC110-01,"0,184","85,986","1,83"
264549504,2024-12-10,17:41:14,/klimakomora/memmertC110-01,"0,185","84,939","1,792"
264549351,2024-12-10,17:41:04,/klimakomora/memmertC110-01,"0,182","83,799","1,74"
264549307,2024-12-10,17:40:53,/klimakomora/memmertC110-01,"0,183","83,03","1,706"
264549272,2024-12-10,17:40:43,/klimakomora/memmertC110-01,"0,185","81,862","1,625"
264549252,2024-12-10,17:40:33,/klimakomora/memmertC110-01,"0,186","81,118","1,584"
264549099,2024-12-10,17:40:23,/klimakomora/memmertC110-01,"0,182","80,07","1,469"
264549064,2024-12-10,17:40:13,/klimakomora/memmertC110-01,"0,185","79,453","1,424"
264548895,2024-12-10,17:40:03,/klimakomora/memmertC110-01,"0,184","78,775","1,299"
264548850,2024-12-10,17:39:53,/klimakomora/memmertC110-01,"0,185","78,405","1,233"
264548802,2024-12-10,17:39:43,/klimakomora/memmertC110-01,"0,184","78,032","1,148"
264548639,2024-12-10,17:39:32,/klimakomora/memmertC110-01,"0,186","77,882","1,085"
264548612,2024-12-10,17:39:22,/klimakomora/memmertC110-01,"0,182","77,761","1,085"
264548453,2024-12-10,17:39:12,/klimakomora/memmertC110-01,"0,187","77,717","1,093"
264548412,2024-12-10,17:39:02,/klimakomora/memmertC110-01,"0,185","77,673","1,107"
264548305,2024-12-10,17:38:52,/klimakomora/memmertC110-01,"0,187","77,653","1,127"
264548208,2024-12-10,17:38:42,/klimakomora/memmertC110-01,"0,187","77,618","1,133"
264548036,2024-12-10,17:38:32,/klimakomora/memmertC110-01,"0,182","77,601","1,156"
264547983,2024-12-10,17:38:22,/klimakomora/memmertC110-01,"0,187","77,592","1,176"
264547806,2024-12-10,17:38:11,/klimakomora/memmertC110-01,"0,184","77,58","1,213"
264547730,2024-12-10,17:38:01,/klimakomora/memmertC110-01,"0,185","77,567","1,232"
264547575,2024-12-10,17:37:51,/klimakomora/memmertC110-01,"0,185","77,559","1,257"
264547475,2024-12-10,17:37:41,/klimakomora/memmertC110-01,"0,184","77,549","1,291"
264547386,2024-12-10,17:37:31,/klimakomora/memmertC110-01,"0,182","77,528","1,306"
264547234,2024-12-10,17:37:21,/klimakomora/memmertC110-01,"0,181","77,521","1,322"
264547071,2024-12-10,17:37:11,/klimakomora/memmertC110-01,"0,184","77,514","1,367"
264547021,2024-12-10,17:37:00,/klimakomora/memmertC110-01,"0,181","77,5","1,373"
264546971,2024-12-10,17:36:50,/klimakomora/memmertC110-01,"0,184","77,517","1,405"
264546938,2024-12-10,17:36:40,/klimakomora/memmertC110-01,"0,184","77,533","1,428"
264546766,2024-12-10,17:36:30,/klimakomora/memmertC110-01,"0,183","77,595","1,449"
264546725,2024-12-10,17:36:20,/klimakomora/memmertC110-01,"0,184","77,662","1,485"
264546568,2024-12-10,17:36:10,/klimakomora/memmertC110-01,"0,184","77,728","1,526"
264546527,2024-12-10,17:35:59,/klimakomora/memmertC110-01,"0,186","77,849","1,549"
264546365,2024-12-10,17:35:49,/klimakomora/memmertC110-01,"0,187","77,936","1,569"
264546328,2024-12-10,17:35:39,/klimakomora/memmertC110-01,"0,182","78,11","1,633"
264546274,2024-12-10,17:35:29,/klimakomora/memmertC110-01,"0,187","78,251","1,636"
264546170,2024-12-10,17:35:19,/klimakomora/memmertC110-01,"0,185","78,465","1,671"
264546072,2024-12-10,17:35:09,/klimakomora/memmertC110-01,"0,188","78,634","1,702"
264546029,2024-12-10,17:34:59,/klimakomora/memmertC110-01,"0,185","78,928","1,756"
264546001,2024-12-10,17:34:48,/klimakomora/memmertC110-01,"0,184","79,16","1,773"
264545840,2024-12-10,17:34:38,/klimakomora/memmertC110-01,"0,184","79,52","1,812"
264545807,2024-12-10,17:34:28,/klimakomora/memmertC110-01,"0,182","79,786","1,855"
264545789,2024-12-10,17:34:18,/klimakomora/memmertC110-01,"0,188","80,232","1,915"
264545642,2024-12-10,17:34:08,/klimakomora/memmertC110-01,"0,186","80,558","1,931"
264545603,2024-12-10,17:33:58,/klimakomora/memmertC110-01,"0,182","81,091","1,994"
264545432,2024-12-10,17:33:47,/klimakomora/memmertC110-01,"0,188","81,663","2,066"
264545398,2024-12-10,17:33:37,/klimakomora/memmertC110-01,"0,187","82,065","2,102"
264545367,2024-12-10,17:33:27,/klimakomora/memmertC110-01,"0,186","82,694","2,161"
264545330,2024-12-10,17:33:17,/klimakomora/memmertC110-01,"0,183","83,128","2,199"
264545156,2024-12-10,17:33:07,/klimakomora/memmertC110-01,"0,187","83,809","2,291"
264545122,2024-12-10,17:32:57,/klimakomora/memmertC110-01,"0,185","84,281","2,329"
264544968,2024-12-10,17:32:47,/klimakomora/memmertC110-01,"0,185","84,989","2,42"
264544937,2024-12-10,17:32:36,/klimakomora/memmertC110-01,"0,187","85,458","2,447"
264544787,2024-12-10,17:32:26,/klimakomora/memmertC110-01,"0,188","86,12","2,519"
264544689,2024-12-10,17:32:16,/klimakomora/memmertC110-01,"0,183","86,553","2,578"
264544580,2024-12-10,17:32:06,/klimakomora/memmertC110-01,"0,19","87,16","2,652"
264544428,2024-12-10,17:31:56,/klimakomora/memmertC110-01,"0,186","87,537","2,717"
264544403,2024-12-10,17:31:46,/klimakomora/memmertC110-01,"0,188","88,023","2,808"
264544247,2024-12-10,17:31:36,/klimakomora/memmertC110-01,"0,185","88,404","2,905"
264544078,2024-12-10,17:31:25,/klimakomora/memmertC110-01,"0,19","88,586","2,968"
264544029,2024-12-10,17:31:15,/klimakomora/memmertC110-01,"0,185","88,717","3,093"
264543870,2024-12-10,17:31:05,/klimakomora/memmertC110-01,"0,186","88,701","3,185"
264543819,2024-12-10,17:30:55,/klimakomora/memmertC110-01,"0,187","88,478","3,321"
264543649,2024-12-10,17:30:45,/klimakomora/memmertC110-01,"0,19","88,189","3,462"
264543622,2024-12-10,17:30:35,/klimakomora/memmertC110-01,"0,191","87,759","3,676"
264543462,2024-12-10,17:30:25,/klimakomora/memmertC110-01,"0,191","87,55","3,835"
264543420,2024-12-10,17:30:14,/klimakomora/memmertC110-01,"0,2","87,588","4,122"
264543383,2024-12-10,17:30:04,/klimakomora/memmertC110-01,"0,205","87,877","4,162"
264543285,2024-12-10,17:29:54,/klimakomora/memmertC110-01,"0,216","87,965","2,766"
264543191,2024-12-10,17:29:44,/klimakomora/memmertC110-01,"0,218","88,083","2,02"
264543034,2024-12-10,17:29:34,/klimakomora/memmertC110-01,"0,217","88,487","2,03"
264542927,2024-12-10,17:29:24,/klimakomora/memmertC110-01,"0,215","88,907","2,032"
264542834,2024-12-10,17:29:13,/klimakomora/memmertC110-01,"0,218","89,186","2,053"
264542752,2024-12-10,17:29:03,/klimakomora/memmertC110-01,"0,218","89,643","2,055"
264542665,2024-12-10,17:28:53,/klimakomora/memmertC110-01,"0,212","89,949","2,064"
264542520,2024-12-10,17:28:43,/klimakomora/memmertC110-01,"0,217","90,433","2,063"
264542419,2024-12-10,17:28:33,/klimakomora/memmertC110-01,"0,214","90,758","2,064"
264542342,2024-12-10,17:28:23,/klimakomora/memmertC110-01,"0,215","91,253","2,062"
264542179,2024-12-10,17:28:13,/klimakomora/memmertC110-01,"0,216","91,595","2,095"
264542152,2024-12-10,17:28:02,/klimakomora/memmertC110-01,"0,218","92,108","2,095"
264541990,2024-12-10,17:27:52,/klimakomora/memmertC110-01,"0,214","92,432","2,093"
264541945,2024-12-10,17:27:42,/klimakomora/memmertC110-01,"0,214","92,903","2,094"
264541791,2024-12-10,17:27:32,/klimakomora/memmertC110-01,"0,216","93,177","2,093"
264541768,2024-12-10,17:27:22,/klimakomora/memmertC110-01,"0,217","93,567","2,112"
264541724,2024-12-10,17:27:12,/klimakomora/memmertC110-01,"0,216","93,911","2,113"
264541565,2024-12-10,17:27:01,/klimakomora/memmertC110-01,"0,216","94,099","2,119"
264541416,2024-12-10,17:26:51,/klimakomora/memmertC110-01,"0,217","94,312","2,121"
264541372,2024-12-10,17:26:41,/klimakomora/memmertC110-01,"0,215","94,414","2,129"
264541335,2024-12-10,17:26:31,/klimakomora/memmertC110-01,"0,216","94,478","2,113"
264541295,2024-12-10,17:26:21,/klimakomora/memmertC110-01,"0,216","94,467","2,117"
264541130,2024-12-10,17:26:11,/klimakomora/memmertC110-01,"0,217","94,368","2,117"
264541074,2024-12-10,17:26:01,/klimakomora/memmertC110-01,"0,212","94,236","2,108"
264541030,2024-12-10,17:25:50,/klimakomora/memmertC110-01,"0,219","93,97","2,105"
264540870,2024-12-10,17:25:40,/klimakomora/memmertC110-01,"0,22","93,735","2,078"
264540803,2024-12-10,17:25:30,/klimakomora/memmertC110-01,"0,219","93,283","2,078"
264540644,2024-12-10,17:25:20,/klimakomora/memmertC110-01,"0,218","92,923","2,062"
264540491,2024-12-10,17:25:10,/klimakomora/memmertC110-01,"0,217","92,298","2,037"
264540449,2024-12-10,17:25:00,/klimakomora/memmertC110-01,"0,218","91,589","2,017"
264540278,2024-12-10,17:24:50,/klimakomora/memmertC110-01,"0,216","91,072","2,002"
264540223,2024-12-10,17:24:39,/klimakomora/memmertC110-01,"0,219","90,2","1,953"
264540058,2024-12-10,17:24:29,/klimakomora/memmertC110-01,"0,216","89,584","1,919"
264540024,2024-12-10,17:24:19,/klimakomora/memmertC110-01,"0,214","88,582","1,88"
264539870,2024-12-10,17:24:09,/klimakomora/memmertC110-01,"0,218","87,889","1,83"
264539769,2024-12-10,17:23:59,/klimakomora/memmertC110-01,"0,219","86,818","1,743"
264539681,2024-12-10,17:23:49,/klimakomora/memmertC110-01,"0,218","86,105","1,679"
264539515,2024-12-10,17:23:39,/klimakomora/memmertC110-01,"0,216","85,048","1,55"
264539478,2024-12-10,17:23:28,/klimakomora/memmertC110-01,"0,215","84,352","1,47"
264539437,2024-12-10,17:23:18,/klimakomora/memmertC110-01,"0,216","83,426","1,329"
264539276,2024-12-10,17:23:08,/klimakomora/memmertC110-01,"0,211","82,869","1,207"
264539229,2024-12-10,17:22:58,/klimakomora/memmertC110-01,"0,213","82,193","1,072"
264539077,2024-12-10,17:22:48,/klimakomora/memmertC110-01,"0,219","81,85","0,997"
264539038,2024-12-10,17:22:38,/klimakomora/memmertC110-01,"0,215","81,469","0,89"
264538891,2024-12-10,17:22:28,/klimakomora/memmertC110-01,"0,214","81,231","0,823"
264538850,2024-12-10,17:22:18,/klimakomora/memmertC110-01,"0,216","81,128","0,78"
264538684,2024-12-10,17:22:07,/klimakomora/memmertC110-01,"0,22","81,03","0,772"
264538654,2024-12-10,17:21:57,/klimakomora/memmertC110-01,"0,215","80,98","0,754"
264538503,2024-12-10,17:21:47,/klimakomora/memmertC110-01,"0,217","80,931","0,769"
264538387,2024-12-10,17:21:37,/klimakomora/memmertC110-01,"0,215","80,899","0,779"
264538283,2024-12-10,17:21:27,/klimakomora/memmertC110-01,"0,217","80,858","0,765"
264538105,2024-12-10,17:21:17,/klimakomora/memmertC110-01,"0,215","80,837","0,779"
264538063,2024-12-10,17:21:06,/klimakomora/memmertC110-01,"0,217","80,79","0,771"
264537895,2024-12-10,17:20:56,/klimakomora/memmertC110-01,"0,218","80,766","0,769"
264537845,2024-12-10,17:20:46,/klimakomora/memmertC110-01,"0,216","80,723","0,776"
264537647,2024-12-10,17:20:36,/klimakomora/memmertC110-01,"0,218","80,699","0,781"
264537610,2024-12-10,17:20:26,/klimakomora/memmertC110-01,"0,211","80,642","0,772"
264537452,2024-12-10,17:20:16,/klimakomora/memmertC110-01,"0,214","80,581","0,791"
264537356,2024-12-10,17:20:06,/klimakomora/memmertC110-01,"0,223","80,539","0,794"
264537267,2024-12-10,17:19:55,/klimakomora/memmertC110-01,"0,216","80,472","0,796"
264537109,2024-12-10,17:19:45,/klimakomora/memmertC110-01,"0,217","80,427","0,794"
264537061,2024-12-10,17:19:35,/klimakomora/memmertC110-01,"0,219","80,346","0,792"
264537023,2024-12-10,17:19:25,/klimakomora/memmertC110-01,"0,218","80,292","0,781"
264536858,2024-12-10,17:19:15,/klimakomora/memmertC110-01,"0,217","80,211","0,813"
264536816,2024-12-10,17:19:04,/klimakomora/memmertC110-01,"0,216","80,164","0,817"
264536661,2024-12-10,17:18:54,/klimakomora/memmertC110-01,"0,214","80,094","0,828"
264536610,2024-12-10,17:18:44,/klimakomora/memmertC110-01,"0,215","80,041","0,809"
264536572,2024-12-10,17:18:34,/klimakomora/memmertC110-01,"0,216","79,969","0,836"
264536534,2024-12-10,17:18:24,/klimakomora/memmertC110-01,"0,219","79,884","0,834"
264536368,2024-12-10,17:18:13,/klimakomora/memmertC110-01,"0,213","79,84","0,842"
264536323,2024-12-10,17:18:03,/klimakomora/memmertC110-01,"0,217","79,744","0,84"
264536163,2024-12-10,17:17:53,/klimakomora/memmertC110-01,"0,215","79,689","0,84"
264536025,2024-12-10,17:17:43,/klimakomora/memmertC110-01,"0,215","79,587","0,848"
264535946,2024-12-10,17:17:32,/klimakomora/memmertC110-01,"0,217","79,529","0,876"
264535839,2024-12-10,17:17:22,/klimakomora/memmertC110-01,"0,215","79,433","0,866"
264535723,2024-12-10,17:17:12,/klimakomora/memmertC110-01,"0,212","79,369","0,868"
264535558,2024-12-10,17:17:02,/klimakomora/memmertC110-01,"0,216","79,282","0,887"
264535507,2024-12-10,17:16:52,/klimakomora/memmertC110-01,"0,215","79,194","0,898"
264535329,2024-12-10,17:16:41,/klimakomora/memmertC110-01,"0,212","79,13","0,895"
264535221,2024-12-10,17:16:31,/klimakomora/memmertC110-01,"0,215","79,049","0,901"
264535122,2024-12-10,17:16:20,/klimakomora/memmertC110-01,"0,215","79,002","0,897"
264535003,2024-12-10,17:16:10,/klimakomora/memmertC110-01,"0,214","78,958","0,901"
264534894,2024-12-10,17:16:00,/klimakomora/memmertC110-01,"0,214","78,936","0,916"
264534730,2024-12-10,17:15:50,/klimakomora/memmertC110-01,"0,213","78,908","0,939"
264534681,2024-12-10,17:15:39,/klimakomora/memmertC110-01,"0,216","78,879","0,937"
264534627,2024-12-10,17:15:29,/klimakomora/memmertC110-01,"0,215","78,87","0,931"
264534574,2024-12-10,17:15:19,/klimakomora/memmertC110-01,"0,215","78,865","0,941"
264534401,2024-12-10,17:15:08,/klimakomora/memmertC110-01,"0,215","78,854","0,963"
264534351,2024-12-10,17:14:58,/klimakomora/memmertC110-01,"0,218","78,848","0,975"
264534182,2024-12-10,17:14:48,/klimakomora/memmertC110-01,"0,216","78,833","0,985"
264534002,2024-12-10,17:14:38,/klimakomora/memmertC110-01,"0,214","78,822","1,002"
264533940,2024-12-10,17:14:28,/klimakomora/memmertC110-01,"0,213","78,795",1
264533785,2024-12-10,17:14:18,/klimakomora/memmertC110-01,"0,213","78,764","1,023"
264533734,2024-12-10,17:14:08,/klimakomora/memmertC110-01,"0,215","78,744","1,046"
264533575,2024-12-10,17:13:57,/klimakomora/memmertC110-01,"0,21","78,72","1,05"
264533543,2024-12-10,17:13:47,/klimakomora/memmertC110-01,"0,212","78,687","1,058"
264533387,2024-12-10,17:13:37,/klimakomora/memmertC110-01,"0,21","78,659","1,08"
264533223,2024-12-10,17:13:27,/klimakomora/memmertC110-01,"0,214","78,611","1,088"
264533201,2024-12-10,17:13:17,/klimakomora/memmertC110-01,"0,214","78,577","1,088"
264533165,2024-12-10,17:13:07,/klimakomora/memmertC110-01,"0,211","78,544","1,118"
264532999,2024-12-10,17:12:57,/klimakomora/memmertC110-01,"0,213","78,521","1,124"
264532960,2024-12-10,17:12:46,/klimakomora/memmertC110-01,"0,207","78,482","1,118"
264532828,2024-12-10,17:12:36,/klimakomora/memmertC110-01,"0,21","78,47","1,129"
264532677,2024-12-10,17:12:26,/klimakomora/memmertC110-01,"0,212","78,466","1,157"
264532644,2024-12-10,17:12:16,/klimakomora/memmertC110-01,"0,21","78,467","1,167"
264532601,2024-12-10,17:12:06,/klimakomora/memmertC110-01,"0,216","78,467","1,198"
264532559,2024-12-10,17:11:56,/klimakomora/memmertC110-01,"0,212","78,472","1,202"
264532520,2024-12-10,17:11:45,/klimakomora/memmertC110-01,"0,212","78,477","1,204"
264532465,2024-12-10,17:11:35,/klimakomora/memmertC110-01,"0,212","78,474","1,242"
264532298,2024-12-10,17:11:25,/klimakomora/memmertC110-01,"0,21","78,48","1,232"
264532253,2024-12-10,17:11:15,/klimakomora/memmertC110-01,"0,214","78,482","1,263"
264532073,2024-12-10,17:11:04,/klimakomora/memmertC110-01,"0,214","78,484","1,282"
264532027,2024-12-10,17:10:54,/klimakomora/memmertC110-01,"0,215","78,489","1,286"
264531858,2024-12-10,17:10:44,/klimakomora/memmertC110-01,"0,214","78,482","1,327"
264531811,2024-12-10,17:10:34,/klimakomora/memmertC110-01,"0,207","78,481","1,329"
264531650,2024-12-10,17:10:24,/klimakomora/memmertC110-01,"0,211","78,467","1,347"
264531617,2024-12-10,17:10:14,/klimakomora/memmertC110-01,"0,212","78,462","1,355"
264531582,2024-12-10,17:10:03,/klimakomora/memmertC110-01,"0,213","78,443","1,381"
264531546,2024-12-10,17:09:53,/klimakomora/memmertC110-01,"0,216","78,445","1,385"
264531386,2024-12-10,17:09:42,/klimakomora/memmertC110-01,"0,213","78,44","1,409"
264531214,2024-12-10,17:09:32,/klimakomora/memmertC110-01,"0,212","78,436","1,421"
264531169,2024-12-10,17:09:21,/klimakomora/memmertC110-01,"0,21","78,448","1,44"
264531010,2024-12-10,17:09:11,/klimakomora/memmertC110-01,"0,212","78,446","1,476"
264530968,2024-12-10,17:09:01,/klimakomora/memmertC110-01,"0,212","78,449","1,491"
264530792,2024-12-10,17:08:51,/klimakomora/memmertC110-01,"0,211","78,436","1,496"
264530743,2024-12-10,17:08:40,/klimakomora/memmertC110-01,"0,211","78,424","1,506"
264530566,2024-12-10,17:08:30,/klimakomora/memmertC110-01,"0,214","78,416","1,527"
264530412,2024-12-10,17:08:20,/klimakomora/memmertC110-01,"0,211","78,407","1,541"
264530366,2024-12-10,17:08:10,/klimakomora/memmertC110-01,"0,215","78,403","1,576"
264530202,2024-12-10,17:08:00,/klimakomora/memmertC110-01,"0,209","78,404","1,581"
264530100,2024-12-10,17:07:50,/klimakomora/memmertC110-01,"0,212","78,403","1,599"
264529987,2024-12-10,17:07:39,/klimakomora/memmertC110-01,"0,211","78,436","1,623"
264529927,2024-12-10,17:07:29,/klimakomora/memmertC110-01,"0,21","78,475","1,633"
264529762,2024-12-10,17:07:19,/klimakomora/memmertC110-01,"0,209","78,575","1,648"
264529656,2024-12-10,17:07:09,/klimakomora/memmertC110-01,"0,213","78,656","1,651"
264529552,2024-12-10,17:06:59,/klimakomora/memmertC110-01,"0,212","78,836","1,659"
264529390,2024-12-10,17:06:48,/klimakomora/memmertC110-01,"0,209","78,988","1,682"
264529275,2024-12-10,17:06:38,/klimakomora/memmertC110-01,"0,21","79,251","1,695"
264529173,2024-12-10,17:06:27,/klimakomora/memmertC110-01,"0,211","79,552","1,724"
264529080,2024-12-10,17:06:17,/klimakomora/memmertC110-01,"0,212","79,77","1,736"
264528985,2024-12-10,17:06:07,/klimakomora/memmertC110-01,"0,211","80,113","1,767"
264528810,2024-12-10,17:05:57,/klimakomora/memmertC110-01,"0,212","80,352","1,771"
264528762,2024-12-10,17:05:46,/klimakomora/memmertC110-01,"0,208","80,755","1,822"
264528711,2024-12-10,17:05:36,/klimakomora/memmertC110-01,"0,212","81,163","1,859"
264528548,2024-12-10,17:05:25,/klimakomora/memmertC110-01,"0,211","81,431","1,877"
264528521,2024-12-10,17:05:15,/klimakomora/memmertC110-01,"0,21","81,854","1,915"
264528484,2024-12-10,17:05:05,/klimakomora/memmertC110-01,"0,209","82,146","1,933"
264528299,2024-12-10,17:04:55,/klimakomora/memmertC110-01,"0,209","82,566","1,977"
264528252,2024-12-10,17:04:45,/klimakomora/memmertC110-01,"0,21","82,829","1,998"
264528213,2024-12-10,17:04:35,/klimakomora/memmertC110-01,"0,207","83,225","2,033"
264528038,2024-12-10,17:04:24,/klimakomora/memmertC110-01,"0,209","83,485","2,06"
264527863,2024-12-10,17:04:14,/klimakomora/memmertC110-01,"0,21","83,859","2,104"
264527817,2024-12-10,17:04:04,/klimakomora/memmertC110-01,"0,21","84,093","2,106"
264527649,2024-12-10,17:03:54,/klimakomora/memmertC110-01,"0,208","84,414","2,147"
264527619,2024-12-10,17:03:44,/klimakomora/memmertC110-01,"0,208","84,578","2,162"
264527562,2024-12-10,17:03:34,/klimakomora/memmertC110-01,"0,21","84,807","2,185"
264527524,2024-12-10,17:03:24,/klimakomora/memmertC110-01,"0,21","84,963","2,211"
264527350,2024-12-10,17:03:13,/klimakomora/memmertC110-01,"0,206","85,025","2,215"
264527315,2024-12-10,17:03:03,/klimakomora/memmertC110-01,"0,208","85,04","2,257"
264527134,2024-12-10,17:02:53,/klimakomora/memmertC110-01,"0,21","84,982","2,251"
264527084,2024-12-10,17:02:43,/klimakomora/memmertC110-01,"0,209","84,799","2,261"
264526909,2024-12-10,17:02:33,/klimakomora/memmertC110-01,"0,212","84,597","2,283"
264526875,2024-12-10,17:02:23,/klimakomora/memmertC110-01,"0,208","84,147","2,299"
264526708,2024-12-10,17:02:13,/klimakomora/memmertC110-01,"0,212","83,757","2,294"
264526662,2024-12-10,17:02:02,/klimakomora/memmertC110-01,"0,209","83,004","2,302"
264526616,2024-12-10,17:01:52,/klimakomora/memmertC110-01,"0,206","82,392","2,298"
264526531,2024-12-10,17:01:42,/klimakomora/memmertC110-01,"0,21","81,329","2,277"
264526439,2024-12-10,17:01:32,/klimakomora/memmertC110-01,"0,206","80,511","2,28"
264526399,2024-12-10,17:01:22,/klimakomora/memmertC110-01,"0,206","79,165","2,27"
264526235,2024-12-10,17:01:12,/klimakomora/memmertC110-01,"0,205","78,206","2,226"
264526202,2024-12-10,17:01:02,/klimakomora/memmertC110-01,"0,209","76,716","2,18"
264526162,2024-12-10,17:00:51,/klimakomora/memmertC110-01,"0,21","75,219","2,104"
264525992,2024-12-10,17:00:41,/klimakomora/memmertC110-01,"0,207","74,269","2,055"
264525933,2024-12-10,17:00:31,/klimakomora/memmertC110-01,"0,207","72,929","1,961"
264525750,2024-12-10,17:00:21,/klimakomora/memmertC110-01,"0,207","72,149","1,877"
264525686,2024-12-10,17:00:11,/klimakomora/memmertC110-01,"0,205","71,152","1,77"
264525553,2024-12-10,17:00:01,/klimakomora/memmertC110-01,"0,21","70,634","1,708"
264525523,2024-12-10,16:59:51,/klimakomora/memmertC110-01,"0,207","70,054","1,615"
264525356,2024-12-10,16:59:40,/klimakomora/memmertC110-01,"0,206","69,788","1,576"
264525249,2024-12-10,16:59:30,/klimakomora/memmertC110-01,"0,206","69,553","1,556"
264525162,2024-12-10,16:59:20,/klimakomora/memmertC110-01,"0,206","69,466","1,561"
264525013,2024-12-10,16:59:10,/klimakomora/memmertC110-01,"0,203","69,404","1,619"
264524969,2024-12-10,16:59:00,/klimakomora/memmertC110-01,"0,206","69,365","1,648"
264524935,2024-12-10,16:58:50,/klimakomora/memmertC110-01,"0,208","69,344","1,712"
264524782,2024-12-10,16:58:40,/klimakomora/memmertC110-01,"0,207","69,353","1,763"
264524622,2024-12-10,16:58:29,/klimakomora/memmertC110-01,"0,207","69,376","1,789"
264524523,2024-12-10,16:58:19,/klimakomora/memmertC110-01,"0,203","69,438","1,85"
264524430,2024-12-10,16:58:09,/klimakomora/memmertC110-01,"0,207","69,492","1,883"
264524381,2024-12-10,16:57:59,/klimakomora/memmertC110-01,"0,202","69,615","1,949"
264524219,2024-12-10,16:57:49,/klimakomora/memmertC110-01,"0,203","69,706","1,987"
264524180,2024-12-10,16:57:38,/klimakomora/memmertC110-01,"0,203","69,868","2,044"
264524006,2024-12-10,16:57:28,/klimakomora/memmertC110-01,"0,205","69,988","2,108"
264523905,2024-12-10,16:57:18,/klimakomora/memmertC110-01,"0,206","70,192","2,166"
264523818,2024-12-10,16:57:08,/klimakomora/memmertC110-01,"0,208","70,346","2,215"
264523772,2024-12-10,16:56:58,/klimakomora/memmertC110-01,"0,197","70,598","2,302"
264523618,2024-12-10,16:56:48,/klimakomora/memmertC110-01,"0,204","70,776","2,345"
264523591,2024-12-10,16:56:38,/klimakomora/memmertC110-01,"0,206","71,054","2,422"
264523433,2024-12-10,16:56:27,/klimakomora/memmertC110-01,"0,208","71,326","2,493"
264523400,2024-12-10,16:56:17,/klimakomora/memmertC110-01,"0,205","71,518","2,553"
264523259,2024-12-10,16:56:07,/klimakomora/memmertC110-01,"0,204","71,795","2,629"
264523221,2024-12-10,16:55:57,/klimakomora/memmertC110-01,"0,206","71,978","2,688"
264523179,2024-12-10,16:55:47,/klimakomora/memmertC110-01,"0,204","72,286","2,756"
264523023,2024-12-10,16:55:37,/klimakomora/memmertC110-01,"0,202","72,49","2,818"
264522875,2024-12-10,16:55:27,/klimakomora/memmertC110-01,"0,207","72,818","2,911"
264522816,2024-12-10,16:55:16,/klimakomora/memmertC110-01,"0,202","73,055","2,947"
264522659,2024-12-10,16:55:06,/klimakomora/memmertC110-01,"0,201","73,401","3,027"
264522506,2024-12-10,16:54:56,/klimakomora/memmertC110-01,"0,205","73,646","3,063"
264522459,2024-12-10,16:54:46,/klimakomora/memmertC110-01,"0,205","74,021","3,145"
264522287,2024-12-10,16:54:36,/klimakomora/memmertC110-01,"0,203","74,276","3,202"
264522131,2024-12-10,16:54:26,/klimakomora/memmertC110-01,"0,202","74,647","3,284"
264522100,2024-12-10,16:54:16,/klimakomora/memmertC110-01,"0,208","75,016","3,373"
264521937,2024-12-10,16:54:05,/klimakomora/memmertC110-01,"0,206","75,265","3,414"
264521882,2024-12-10,16:53:55,/klimakomora/memmertC110-01,"0,206","75,64","3,506"
264521712,2024-12-10,16:53:45,/klimakomora/memmertC110-01,"0,205","75,897","3,557"
264521613,2024-12-10,16:53:35,/klimakomora/memmertC110-01,"0,207","76,265","3,61"
264521504,2024-12-10,16:53:25,/klimakomora/memmertC110-01,"0,203","76,523","3,675"
264521424,2024-12-10,16:53:15,/klimakomora/memmertC110-01,"0,203","76,884","3,728"
264521317,2024-12-10,16:53:05,/klimakomora/memmertC110-01,"0,203","77,128","3,804"
264521256,2024-12-10,16:52:54,/klimakomora/memmertC110-01,"0,202","77,459","3,875"
264521086,2024-12-10,16:52:44,/klimakomora/memmertC110-01,"0,203","77,667","3,93"
264520918,2024-12-10,16:52:34,/klimakomora/memmertC110-01,"0,203","77,91","4,004"
264520861,2024-12-10,16:52:24,/klimakomora/memmertC110-01,"0,206","78,044","4,059"
264520749,2024-12-10,16:52:14,/klimakomora/memmertC110-01,"0,205","78,181","4,151"
264520630,2024-12-10,16:52:04,/klimakomora/memmertC110-01,"0,205","78,225","4,226"
264520452,2024-12-10,16:51:53,/klimakomora/memmertC110-01,"0,202","78,196","4,283"
264520418,2024-12-10,16:51:43,/klimakomora/memmertC110-01,"0,203","78,049","4,357"
264520246,2024-12-10,16:51:33,/klimakomora/memmertC110-01,"0,206","77,878","4,417"
264520183,2024-12-10,16:51:23,/klimakomora/memmertC110-01,"0,206","77,48","4,489"
264520146,2024-12-10,16:51:13,/klimakomora/memmertC110-01,"0,206","77,125","4,566"
264519995,2024-12-10,16:51:03,/klimakomora/memmertC110-01,"0,206","76,416","4,648"
264519956,2024-12-10,16:50:53,/klimakomora/memmertC110-01,"0,207","75,821","4,716"
264519903,2024-12-10,16:50:43,/klimakomora/memmertC110-01,"0,208","74,74","4,842"
264519861,2024-12-10,16:50:32,/klimakomora/memmertC110-01,"0,209","73,882","4,926"
264519692,2024-12-10,16:50:22,/klimakomora/memmertC110-01,"0,206","72,363","5,077"
264519646,2024-12-10,16:50:12,/klimakomora/memmertC110-01,"0,206","71,235","5,195"
264519473,2024-12-10,16:50:02,/klimakomora/memmertC110-01,"0,2","69,416","5,42"
264519440,2024-12-10,16:49:52,/klimakomora/memmertC110-01,"0,201","67,566","5,689"
264519281,2024-12-10,16:49:41,/klimakomora/memmertC110-01,"0,198","66,466","5,84"
264519243,2024-12-10,16:49:31,/klimakomora/memmertC110-01,"0,186","64,872","5,389"
264519077,2024-12-10,16:49:21,/klimakomora/memmertC110-01,"0,185","63,907","4,6"
264519043,2024-12-10,16:49:11,/klimakomora/memmertC110-01,"0,186","62,973","4,818"
264519004,2024-12-10,16:49:01,/klimakomora/memmertC110-01,"0,184","62,512","5,056"
264518968,2024-12-10,16:48:51,/klimakomora/memmertC110-01,"0,193","62,155","5,541"
264518922,2024-12-10,16:48:41,/klimakomora/memmertC110-01,"0,187","62,116","5,896"
264518761,2024-12-10,16:48:30,/klimakomora/memmertC110-01,"0,18",N/D,"5,94"
264518719,2024-12-10,16:48:20,/klimakomora/memmertC110-01,N/D,N/D,N/D
264512807,2024-12-10,16:38:48,/klimakomora/memmertC110-01,"0,177","66,733","2,799"
264512774,2024-12-10,16:38:38,/klimakomora/memmertC110-01,"0,173","66,749","2,854"
264512725,2024-12-10,16:38:28,/klimakomora/memmertC110-01,"0,179","66,79","2,938"
264512685,2024-12-10,16:38:18,/klimakomora/memmertC110-01,"0,175","66,808","2,995"
264512505,2024-12-10,16:38:08,/klimakomora/memmertC110-01,"0,175","66,855","3,061"
264512467,2024-12-10,16:37:57,/klimakomora/memmertC110-01,"0,172","66,912","3,151"
264512424,2024-12-10,16:37:47,/klimakomora/memmertC110-01,"0,174","66,946","3,207"
264512374,2024-12-10,16:37:37,/klimakomora/memmertC110-01,"0,169","67,005","3,291"
264512215,2024-12-10,16:37:27,/klimakomora/memmertC110-01,"0,172","67,049","3,338"
264512157,2024-12-10,16:37:17,/klimakomora/memmertC110-01,"0,17","67,106","3,417"
264511992,2024-12-10,16:37:07,/klimakomora/memmertC110-01,"0,173","67,136","3,483"
264511834,2024-12-10,16:36:56,/klimakomora/memmertC110-01,"0,172","67,187","3,569"
264511796,2024-12-10,16:36:46,/klimakomora/memmertC110-01,"0,174","67,218","3,633"
264511633,2024-12-10,16:36:36,/klimakomora/memmertC110-01,"0,171","67,246","3,71"
264511475,2024-12-10,16:36:26,/klimakomora/memmertC110-01,"0,167","67,269","3,753"
264511429,2024-12-10,16:36:16,/klimakomora/memmertC110-01,"0,169","67,306","3,839"
264511267,2024-12-10,16:36:06,/klimakomora/memmertC110-01,"0,168","67,364","3,92"
264511240,2024-12-10,16:35:56,/klimakomora/memmertC110-01,"0,173","67,424","3,988"
264511074,2024-12-10,16:35:45,/klimakomora/memmertC110-01,"0,172","67,485","4,057"
264511020,2024-12-10,16:35:35,/klimakomora/memmertC110-01,"0,171","67,54","4,135"
264510869,2024-12-10,16:35:25,/klimakomora/memmertC110-01,"0,172","67,625","4,223"
264510845,2024-12-10,16:35:15,/klimakomora/memmertC110-01,"0,172","67,681","4,275"
264510688,2024-12-10,16:35:05,/klimakomora/memmertC110-01,"0,168","67,763","4,384"
264510585,2024-12-10,16:34:55,/klimakomora/memmertC110-01,"0,172","67,821","4,447"
264510493,2024-12-10,16:34:45,/klimakomora/memmertC110-01,"0,174","67,894","4,524"
264510317,2024-12-10,16:34:34,/klimakomora/memmertC110-01,"0,173","67,945","4,583"
264510206,2024-12-10,16:34:24,/klimakomora/memmertC110-01,"0,172","68,027","4,645"
264510108,2024-12-10,16:34:14,/klimakomora/memmertC110-01,"0,174","68,095","4,739"
264509932,2024-12-10,16:34:04,/klimakomora/memmertC110-01,"0,169","68,216","4,831"
264509826,2024-12-10,16:33:54,/klimakomora/memmertC110-01,"0,169","68,341","4,925"
264509726,2024-12-10,16:33:44,/klimakomora/memmertC110-01,"0,175","68,433","4,99"
264509626,2024-12-10,16:33:33,/klimakomora/memmertC110-01,"0,164","68,55","5,067"
264509531,2024-12-10,16:33:23,/klimakomora/memmertC110-01,"0,171","68,63","5,141"
264509365,2024-12-10,16:33:13,/klimakomora/memmertC110-01,"0,168","68,745","5,237"
264509314,2024-12-10,16:33:03,/klimakomora/memmertC110-01,"0,169","68,811","5,28"
264509156,2024-12-10,16:32:53,/klimakomora/memmertC110-01,"0,172","68,918","5,381"
264509107,2024-12-10,16:32:43,/klimakomora/memmertC110-01,"0,164","68,999","5,445"
264509015,2024-12-10,16:32:32,/klimakomora/memmertC110-01,"0,168","69,124","5,521"
264508919,2024-12-10,16:32:22,/klimakomora/memmertC110-01,"0,169","69,243","5,615"
264508859,2024-12-10,16:32:12,/klimakomora/memmertC110-01,"0,17","69,401","5,688"
264508703,2024-12-10,16:32:02,/klimakomora/memmertC110-01,"0,167","69,515","5,754"
264508661,2024-12-10,16:31:52,/klimakomora/memmertC110-01,"0,169","69,695","5,845"
264508502,2024-12-10,16:31:42,/klimakomora/memmertC110-01,"0,164","69,82","5,916"
264508342,2024-12-10,16:31:32,/klimakomora/memmertC110-01,"0,168","69,99","6,007"
264508312,2024-12-10,16:31:22,/klimakomora/memmertC110-01,"0,17","70,168","6,11"
264508153,2024-12-10,16:31:11,/klimakomora/memmertC110-01,"0,167","70,295","6,169"
264508036,2024-12-10,16:31:01,/klimakomora/memmertC110-01,"0,169","70,494","6,261"
264507942,2024-12-10,16:30:51,/klimakomora/memmertC110-01,"0,169","70,623","6,326"
264507905,2024-12-10,16:30:41,/klimakomora/memmertC110-01,"0,168","70,84","6,42"
264507735,2024-12-10,16:30:31,/klimakomora/memmertC110-01,"0,166","71,005","6,496"
264507563,2024-12-10,16:30:21,/klimakomora/memmertC110-01,"0,169","71,256","6,588"
264507525,2024-12-10,16:30:10,/klimakomora/memmertC110-01,"0,165","71,424","6,637"
264507427,2024-12-10,16:30:00,/klimakomora/memmertC110-01,"0,167","71,689","6,754"
264507328,2024-12-10,16:29:50,/klimakomora/memmertC110-01,"0,172","71,874","6,821"
264507228,2024-12-10,16:29:40,/klimakomora/memmertC110-01,"0,168","72,155","6,925"
264507129,2024-12-10,16:29:30,/klimakomora/memmertC110-01,"0,169","72,444","7,034"
264507089,2024-12-10,16:29:20,/klimakomora/memmertC110-01,"0,166","72,637","7,095"
264507043,2024-12-10,16:29:10,/klimakomora/memmertC110-01,"0,169","72,961","7,202"
264506887,2024-12-10,16:28:59,/klimakomora/memmertC110-01,"0,167","73,183","7,255"
264506844,2024-12-10,16:28:49,/klimakomora/memmertC110-01,"0,166","73,546","7,342"
264506804,2024-12-10,16:28:39,/klimakomora/memmertC110-01,"0,17","73,808","7,432"
264506759,2024-12-10,16:28:29,/klimakomora/memmertC110-01,"0,162","74,205","7,516"
264506597,2024-12-10,16:28:19,/klimakomora/memmertC110-01,"0,169","74,481","7,584"
264506485,2024-12-10,16:28:08,/klimakomora/memmertC110-01,"0,169","74,902","7,678"
264506378,2024-12-10,16:27:58,/klimakomora/memmertC110-01,"0,166","75,194","7,769"
264506331,2024-12-10,16:27:48,/klimakomora/memmertC110-01,"0,17","75,641","7,859"
264506294,2024-12-10,16:27:38,/klimakomora/memmertC110-01,"0,17","75,946","7,92"
264506260,2024-12-10,16:27:28,/klimakomora/memmertC110-01,"0,17","76,434","8,034"
264506101,2024-12-10,16:27:18,/klimakomora/memmertC110-01,"0,167","76,954","8,102"
264506063,2024-12-10,16:27:07,/klimakomora/memmertC110-01,"0,164","77,319","8,192"
264505962,2024-12-10,16:26:57,/klimakomora/memmertC110-01,"0,167","77,906","8,283"
264505851,2024-12-10,16:26:47,/klimakomora/memmertC110-01,"0,168","78,303","8,356"
264505794,2024-12-10,16:26:37,/klimakomora/memmertC110-01,"0,167","78,953","8,45"
264505740,2024-12-10,16:26:27,/klimakomora/memmertC110-01,"0,169","79,39","8,519"
264505681,2024-12-10,16:26:17,/klimakomora/memmertC110-01,"0,169","80,06","8,616"
264505518,2024-12-10,16:26:07,/klimakomora/memmertC110-01,"0,165","80,527","8,675"
264505467,2024-12-10,16:25:56,/klimakomora/memmertC110-01,"0,166","81,27","8,777"
264505300,2024-12-10,16:25:46,/klimakomora/memmertC110-01,"0,168","81,795","8,844"
264505194,2024-12-10,16:25:36,/klimakomora/memmertC110-01,"0,168","82,606","8,925"
264505079,2024-12-10,16:25:26,/klimakomora/memmertC110-01,"0,17","83,18","8,995"
264504956,2024-12-10,16:25:16,/klimakomora/memmertC110-01,"0,169","84,075","9,094"
264504844,2024-12-10,16:25:06,/klimakomora/memmertC110-01,"0,17","85,001","9,195"
264504680,2024-12-10,16:24:55,/klimakomora/memmertC110-01,"0,167","85,643","9,261"
264504629,2024-12-10,16:24:45,/klimakomora/memmertC110-01,"0,168","86,609","9,337"
264504464,2024-12-10,16:24:35,/klimakomora/memmertC110-01,"0,17","87,283","9,418"
264504415,2024-12-10,16:24:25,/klimakomora/memmertC110-01,"0,166","88,313","9,502"
264504251,2024-12-10,16:24:15,/klimakomora/memmertC110-01,"0,169","89,002","9,551"
264486990,2024-12-10,15:56:01,/klimakomora/memmertC110-01,"0,157","57,197","7,874"
264486982,2024-12-10,15:55:58,/klimakomora/memmertC110-01,"0,153","57,192","7,916"
264486917,2024-12-10,15:55:56,/klimakomora/memmertC110-01,"0,153","57,192","7,916"
264486846,2024-12-10,15:55:54,/klimakomora/memmertC110-01,"0,157","57,174","7,956"
264486828,2024-12-10,15:55:49,/klimakomora/memmertC110-01,"0,155","57,165","7,989"
264486780,2024-12-10,15:55:38,/klimakomora/memmertC110-01,"0,156","57,144","8,096"
